"x1","x2","x3","x4","weight"
0,0,0,1,1
0,0,0.04,0.96,0.92
0,0,0.08,0.92,0.84
0,0,0.12,0.88,0.76
0,0,0.16,0.84,0.68
0,0,0.2,0.8,0.6
0,0,0.24,0.76,0.52
0,0,0.28,0.72,0.44
0,0,0.32,0.68,0.36
0,0,0.36,0.64,0.28
0,0,0.4,0.6,0.2
0,0,0.44,0.56,0.12
0,0,0.48,0.52,0.04
0,0,0.52,0.48,-0.04
0,0,0.56,0.44,-0.12
0,0,0.6,0.4,-0.2
0,0,0.64,0.36,-0.28
0,0,0.68,0.32,-0.36
0,0,0.72,0.28,-0.44
0,0,0.76,0.24,-0.52
0,0,0.8,0.2,-0.6
0,0,0.84,0.16,-0.68
0,0,0.88,0.12,-0.76
0,0,0.92,0.08,-0.84
0,0,0.96,0.04,-0.92
0,0,1,0,-1
0,0.04,0,0.96,0.96
0,0.04,0.04,0.92,0.88
0,0.04,0.08,0.88,0.8
0,0.04,0.12,0.84,0.72
0,0.04,0.16,0.8,0.64
0,0.04,0.2,0.76,0.56
0,0.04,0.24,0.72,0.48
0,0.04,0.28,0.68,0.4
0,0.04,0.32,0.64,0.32
0,0.04,0.36,0.6,0.24
0,0.04,0.4,0.56,0.16
0,0.04,0.44,0.52,0.08
0,0.04,0.48,0.48,0
0,0.04,0.52,0.44,-0.0800000000000001
0,0.04,0.56,0.4,-0.16
0,0.04,0.6,0.36,-0.24
0,0.04,0.64,0.32,-0.32
0,0.04,0.68,0.28,-0.4
0,0.04,0.72,0.24,-0.48
0,0.04,0.76,0.2,-0.56
0,0.04,0.8,0.16,-0.64
0,0.04,0.84,0.12,-0.72
0,0.04,0.88,0.08,-0.8
0,0.04,0.92,0.0399999999999999,-0.88
0,0.04,0.96,0,-0.96
0,0.08,0,0.92,0.92
0,0.08,0.04,0.88,0.84
0,0.08,0.08,0.84,0.76
0,0.08,0.12,0.8,0.68
0,0.08,0.16,0.76,0.6
0,0.08,0.2,0.72,0.52
0,0.08,0.24,0.68,0.44
0,0.08,0.28,0.64,0.36
0,0.08,0.32,0.6,0.28
0,0.08,0.36,0.56,0.2
0,0.08,0.4,0.52,0.12
0,0.08,0.44,0.48,0.04
0,0.08,0.48,0.44,-0.0399999999999999
0,0.08,0.52,0.4,-0.12
0,0.08,0.56,0.36,-0.2
0,0.08,0.6,0.32,-0.28
0,0.08,0.64,0.28,-0.36
0,0.08,0.68,0.24,-0.44
0,0.08,0.72,0.2,-0.52
0,0.08,0.76,0.16,-0.6
0,0.08,0.8,0.12,-0.68
0,0.08,0.84,0.0800000000000001,-0.76
0,0.08,0.88,0.04,-0.84
0,0.08,0.92,0,-0.92
0,0.12,0,0.88,0.88
0,0.12,0.04,0.84,0.8
0,0.12,0.08,0.8,0.72
0,0.12,0.12,0.76,0.64
0,0.12,0.16,0.72,0.56
0,0.12,0.2,0.68,0.48
0,0.12,0.24,0.64,0.4
0,0.12,0.28,0.6,0.32
0,0.12,0.32,0.56,0.24
0,0.12,0.36,0.52,0.16
0,0.12,0.4,0.48,0.08
0,0.12,0.44,0.44,0
0,0.12,0.48,0.4,-0.08
0,0.12,0.52,0.36,-0.16
0,0.12,0.56,0.32,-0.24
0,0.12,0.6,0.28,-0.32
0,0.12,0.64,0.24,-0.4
0,0.12,0.68,0.2,-0.48
0,0.12,0.72,0.16,-0.56
0,0.12,0.76,0.12,-0.64
0,0.12,0.8,0.08,-0.72
0,0.12,0.84,0.04,-0.8
0,0.12,0.88,0,-0.88
0,0.16,0,0.84,0.84
0,0.16,0.04,0.8,0.76
0,0.16,0.08,0.76,0.68
0,0.16,0.12,0.72,0.6
0,0.16,0.16,0.68,0.52
0,0.16,0.2,0.64,0.44
0,0.16,0.24,0.6,0.36
0,0.16,0.28,0.56,0.28
0,0.16,0.32,0.52,0.2
0,0.16,0.36,0.48,0.12
0,0.16,0.4,0.44,0.0399999999999999
0,0.16,0.44,0.4,-0.04
0,0.16,0.48,0.36,-0.12
0,0.16,0.52,0.32,-0.2
0,0.16,0.56,0.28,-0.28
0,0.16,0.6,0.24,-0.36
0,0.16,0.64,0.2,-0.44
0,0.16,0.68,0.16,-0.52
0,0.16,0.72,0.12,-0.6
0,0.16,0.76,0.08,-0.68
0,0.16,0.8,0.0399999999999999,-0.76
0,0.16,0.84,0,-0.84
0,0.2,0,0.8,0.8
0,0.2,0.04,0.76,0.72
0,0.2,0.08,0.72,0.64
0,0.2,0.12,0.68,0.56
0,0.2,0.16,0.64,0.48
0,0.2,0.2,0.6,0.4
0,0.2,0.24,0.56,0.32
0,0.2,0.28,0.52,0.24
0,0.2,0.32,0.48,0.16
0,0.2,0.36,0.44,0.0800000000000001
0,0.2,0.4,0.4,0
0,0.2,0.44,0.36,-0.08
0,0.2,0.48,0.32,-0.16
0,0.2,0.52,0.28,-0.24
0,0.2,0.56,0.24,-0.32
0,0.2,0.6,0.2,-0.4
0,0.2,0.64,0.16,-0.48
0,0.2,0.68,0.12,-0.56
0,0.2,0.72,0.0800000000000001,-0.64
0,0.2,0.76,0.04,-0.72
0,0.2,0.8,0,-0.8
0,0.24,0,0.76,0.76
0,0.24,0.04,0.72,0.68
0,0.24,0.08,0.68,0.6
0,0.24,0.12,0.64,0.52
0,0.24,0.16,0.6,0.44
0,0.24,0.2,0.56,0.36
0,0.24,0.24,0.52,0.28
0,0.24,0.28,0.48,0.2
0,0.24,0.32,0.44,0.12
0,0.24,0.36,0.4,0.04
0,0.24,0.4,0.36,-0.04
0,0.24,0.44,0.32,-0.12
0,0.24,0.48,0.28,-0.2
0,0.24,0.52,0.24,-0.28
0,0.24,0.56,0.2,-0.36
0,0.24,0.6,0.16,-0.44
0,0.24,0.64,0.12,-0.52
0,0.24,0.68,0.08,-0.6
0,0.24,0.72,0.04,-0.68
0,0.24,0.76,0,-0.76
0,0.28,0,0.72,0.72
0,0.28,0.04,0.68,0.64
0,0.28,0.08,0.64,0.56
0,0.28,0.12,0.6,0.48
0,0.28,0.16,0.56,0.4
0,0.28,0.2,0.52,0.32
0,0.28,0.24,0.48,0.24
0,0.28,0.28,0.44,0.16
0,0.28,0.32,0.4,0.08
0,0.28,0.36,0.36,0
0,0.28,0.4,0.32,-0.0800000000000001
0,0.28,0.44,0.28,-0.16
0,0.28,0.48,0.24,-0.24
0,0.28,0.52,0.2,-0.32
0,0.28,0.56,0.16,-0.4
0,0.28,0.6,0.12,-0.48
0,0.28,0.64,0.08,-0.56
0,0.28,0.68,0.0399999999999999,-0.64
0,0.28,0.72,0,-0.72
0,0.32,0,0.68,0.68
0,0.32,0.04,0.64,0.6
0,0.32,0.08,0.6,0.52
0,0.32,0.12,0.56,0.44
0,0.32,0.16,0.52,0.36
0,0.32,0.2,0.48,0.28
0,0.32,0.24,0.44,0.2
0,0.32,0.28,0.4,0.12
0,0.32,0.32,0.36,0.0399999999999999
0,0.32,0.36,0.32,-0.04
0,0.32,0.4,0.28,-0.12
0,0.32,0.44,0.24,-0.2
0,0.32,0.48,0.2,-0.28
0,0.32,0.52,0.16,-0.36
0,0.32,0.56,0.12,-0.44
0,0.32,0.6,0.08,-0.52
0,0.32,0.64,0.0399999999999999,-0.6
0,0.32,0.68,0,-0.68
0,0.36,0,0.64,0.64
0,0.36,0.04,0.6,0.56
0,0.36,0.08,0.56,0.48
0,0.36,0.12,0.52,0.4
0,0.36,0.16,0.48,0.32
0,0.36,0.2,0.44,0.24
0,0.36,0.24,0.4,0.16
0,0.36,0.28,0.36,0.08
0,0.36,0.32,0.32,0
0,0.36,0.36,0.28,-0.08
0,0.36,0.4,0.24,-0.16
0,0.36,0.44,0.2,-0.24
0,0.36,0.48,0.16,-0.32
0,0.36,0.52,0.12,-0.4
0,0.36,0.56,0.08,-0.48
0,0.36,0.6,0.04,-0.56
0,0.36,0.64,0,-0.64
0,0.4,0,0.6,0.6
0,0.4,0.04,0.56,0.52
0,0.4,0.08,0.52,0.44
0,0.4,0.12,0.48,0.36
0,0.4,0.16,0.44,0.28
0,0.4,0.2,0.4,0.2
0,0.4,0.24,0.36,0.12
0,0.4,0.28,0.32,0.0399999999999999
0,0.4,0.32,0.28,-0.04
0,0.4,0.36,0.24,-0.12
0,0.4,0.4,0.2,-0.2
0,0.4,0.44,0.16,-0.28
0,0.4,0.48,0.12,-0.36
0,0.4,0.52,0.08,-0.44
0,0.4,0.56,0.0399999999999999,-0.52
0,0.4,0.6,0,-0.6
0,0.44,0,0.56,0.56
0,0.44,0.04,0.52,0.48
0,0.44,0.08,0.48,0.4
0,0.44,0.12,0.44,0.32
0,0.44,0.16,0.4,0.24
0,0.44,0.2,0.36,0.16
0,0.44,0.24,0.32,0.0800000000000001
0,0.44,0.28,0.28,0
0,0.44,0.32,0.24,-0.08
0,0.44,0.36,0.2,-0.16
0,0.44,0.4,0.16,-0.24
0,0.44,0.44,0.12,-0.32
0,0.44,0.48,0.0800000000000001,-0.4
0,0.44,0.52,0.04,-0.48
0,0.44,0.56,0,-0.56
0,0.48,0,0.52,0.52
0,0.48,0.04,0.48,0.44
0,0.48,0.08,0.44,0.36
0,0.48,0.12,0.4,0.28
0,0.48,0.16,0.36,0.2
0,0.48,0.2,0.32,0.12
0,0.48,0.24,0.28,0.04
0,0.48,0.28,0.24,-0.04
0,0.48,0.32,0.2,-0.12
0,0.48,0.36,0.16,-0.2
0,0.48,0.4,0.12,-0.28
0,0.48,0.44,0.08,-0.36
0,0.48,0.48,0.04,-0.44
0,0.48,0.52,0,-0.52
0,0.52,0,0.48,0.48
0,0.52,0.04,0.44,0.4
0,0.52,0.08,0.4,0.32
0,0.52,0.12,0.36,0.24
0,0.52,0.16,0.32,0.16
0,0.52,0.2,0.28,0.08
0,0.52,0.24,0.24,0
0,0.52,0.28,0.2,-0.0800000000000001
0,0.52,0.32,0.16,-0.16
0,0.52,0.36,0.12,-0.24
0,0.52,0.4,0.08,-0.32
0,0.52,0.44,0.04,-0.4
0,0.52,0.48,0,-0.48
0,0.56,0,0.44,0.44
0,0.56,0.04,0.4,0.36
0,0.56,0.08,0.36,0.28
0,0.56,0.12,0.32,0.2
0,0.56,0.16,0.28,0.12
0,0.56,0.2,0.24,0.0399999999999999
0,0.56,0.24,0.2,-0.04
0,0.56,0.28,0.16,-0.12
0,0.56,0.32,0.12,-0.2
0,0.56,0.36,0.08,-0.28
0,0.56,0.4,0.0399999999999999,-0.36
0,0.56,0.44,0,-0.44
0,0.6,0,0.4,0.4
0,0.6,0.04,0.36,0.32
0,0.6,0.08,0.32,0.24
0,0.6,0.12,0.28,0.16
0,0.6,0.16,0.24,0.08
0,0.6,0.2,0.2,0
0,0.6,0.24,0.16,-0.08
0,0.6,0.28,0.12,-0.16
0,0.6,0.32,0.08,-0.24
0,0.6,0.36,0.04,-0.32
0,0.6,0.4,0,-0.4
0,0.64,0,0.36,0.36
0,0.64,0.04,0.32,0.28
0,0.64,0.08,0.28,0.2
0,0.64,0.12,0.24,0.12
0,0.64,0.16,0.2,0.04
0,0.64,0.2,0.16,-0.04
0,0.64,0.24,0.12,-0.12
0,0.64,0.28,0.08,-0.2
0,0.64,0.32,0.04,-0.28
0,0.64,0.36,0,-0.36
0,0.68,0,0.32,0.32
0,0.68,0.04,0.28,0.24
0,0.68,0.08,0.24,0.16
0,0.68,0.12,0.2,0.08
0,0.68,0.16,0.16,-5.55111512312578e-17
0,0.68,0.2,0.12,-0.0800000000000001
0,0.68,0.24,0.08,-0.16
0,0.68,0.28,0.0399999999999999,-0.24
0,0.68,0.32,0,-0.32
0,0.72,0,0.28,0.28
0,0.72,0.04,0.24,0.2
0,0.72,0.08,0.2,0.12
0,0.72,0.12,0.16,0.04
0,0.72,0.16,0.12,-0.04
0,0.72,0.2,0.08,-0.12
0,0.72,0.24,0.04,-0.2
0,0.72,0.28,0,-0.28
0,0.76,0,0.24,0.24
0,0.76,0.04,0.2,0.16
0,0.76,0.08,0.16,0.08
0,0.76,0.12,0.12,0
0,0.76,0.16,0.08,-0.08
0,0.76,0.2,0.04,-0.16
0,0.76,0.24,0,-0.24
0,0.8,0,0.2,0.2
0,0.8,0.04,0.16,0.12
0,0.8,0.08,0.12,0.04
0,0.8,0.12,0.08,-0.04
0,0.8,0.16,0.04,-0.12
0,0.8,0.2,0,-0.2
0,0.84,0,0.16,0.16
0,0.84,0.04,0.12,0.08
0,0.84,0.08,0.08,2.77555756156289e-17
0,0.84,0.12,0.04,-0.08
0,0.84,0.16,2.77555756156289e-17,-0.16
0,0.88,0,0.12,0.12
0,0.88,0.04,0.08,0.04
0,0.88,0.08,0.04,-0.04
0,0.88,0.12,0,-0.12
0,0.92,0,0.08,0.08
0,0.92,0.04,0.04,-4.16333634234434e-17
0,0.92,0.08,0,-0.08
0,0.96,0,0.04,0.04
0,0.96,0.04,3.46944695195361e-17,-0.04
0,1,0,0,0
0.04,0,0,0.96,1
0.04,0,0.04,0.92,0.92
0.04,0,0.08,0.88,0.84
0.04,0,0.12,0.84,0.76
0.04,0,0.16,0.8,0.68
0.04,0,0.2,0.76,0.6
0.04,0,0.24,0.72,0.52
0.04,0,0.28,0.68,0.44
0.04,0,0.32,0.64,0.36
0.04,0,0.36,0.6,0.28
0.04,0,0.4,0.56,0.2
0.04,0,0.44,0.52,0.12
0.04,0,0.48,0.48,0.04
0.04,0,0.52,0.44,-0.0400000000000001
0.04,0,0.56,0.4,-0.12
0.04,0,0.6,0.36,-0.2
0.04,0,0.64,0.32,-0.28
0.04,0,0.68,0.28,-0.36
0.04,0,0.72,0.24,-0.44
0.04,0,0.76,0.2,-0.52
0.04,0,0.8,0.16,-0.6
0.04,0,0.84,0.12,-0.68
0.04,0,0.88,0.08,-0.76
0.04,0,0.92,0.0399999999999999,-0.84
0.04,0,0.96,0,-0.92
0.04,0.04,0,0.92,0.998784
0.04,0.04,0.04,0.88,0.919104
0.04,0.04,0.08,0.84,0.839424
0.04,0.04,0.12,0.8,0.759744
0.04,0.04,0.16,0.76,0.680064
0.04,0.04,0.2,0.72,0.600384
0.04,0.04,0.24,0.68,0.520704
0.04,0.04,0.28,0.64,0.441024
0.04,0.04,0.32,0.6,0.361344
0.04,0.04,0.36,0.56,0.281664
0.04,0.04,0.4,0.52,0.201984
0.04,0.04,0.44,0.48,0.122304
0.04,0.04,0.48,0.44,0.0426239999999999
0.04,0.04,0.52,0.4,-0.0370560000000001
0.04,0.04,0.56,0.36,-0.116736
0.04,0.04,0.6,0.32,-0.196416
0.04,0.04,0.64,0.28,-0.276096
0.04,0.04,0.68,0.24,-0.355776
0.04,0.04,0.72,0.2,-0.435456
0.04,0.04,0.76,0.16,-0.515136
0.04,0.04,0.8,0.12,-0.594816
0.04,0.04,0.84,0.08,-0.674496
0.04,0.04,0.88,0.0399999999999999,-0.754176
0.04,0.04,0.92,0,-0.833856
0.04,0.08,0,0.88,0.994752
0.04,0.08,0.04,0.84,0.915392
0.04,0.08,0.08,0.8,0.836032
0.04,0.08,0.12,0.76,0.756672
0.04,0.08,0.16,0.72,0.677312
0.04,0.08,0.2,0.68,0.597952
0.04,0.08,0.24,0.64,0.518592
0.04,0.08,0.28,0.6,0.439232
0.04,0.08,0.32,0.56,0.359872
0.04,0.08,0.36,0.52,0.280512
0.04,0.08,0.4,0.48,0.201152
0.04,0.08,0.44,0.44,0.121792
0.04,0.08,0.48,0.4,0.042432
0.04,0.08,0.52,0.36,-0.036928
0.04,0.08,0.56,0.32,-0.116288
0.04,0.08,0.6,0.28,-0.195648
0.04,0.08,0.64,0.24,-0.275008
0.04,0.08,0.68,0.2,-0.354368
0.04,0.08,0.72,0.16,-0.433728
0.04,0.08,0.76,0.12,-0.513088
0.04,0.08,0.8,0.08,-0.592448
0.04,0.08,0.84,0.04,-0.671808
0.04,0.08,0.88,0,-0.751168
0.04,0.12,0,0.84,0.987904
0.04,0.12,0.04,0.8,0.908864
0.04,0.12,0.08,0.76,0.829824
0.04,0.12,0.12,0.72,0.750784
0.04,0.12,0.16,0.68,0.671744
0.04,0.12,0.2,0.64,0.592704
0.04,0.12,0.24,0.6,0.513664
0.04,0.12,0.28,0.56,0.434624
0.04,0.12,0.32,0.52,0.355584
0.04,0.12,0.36,0.48,0.276544
0.04,0.12,0.4,0.44,0.197504
0.04,0.12,0.44,0.4,0.118464
0.04,0.12,0.48,0.36,0.039424
0.04,0.12,0.52,0.32,-0.0396160000000001
0.04,0.12,0.56,0.28,-0.118656
0.04,0.12,0.6,0.24,-0.197696
0.04,0.12,0.64,0.2,-0.276736
0.04,0.12,0.68,0.16,-0.355776
0.04,0.12,0.72,0.12,-0.434816
0.04,0.12,0.76,0.08,-0.513856
0.04,0.12,0.8,0.0399999999999999,-0.592896
0.04,0.12,0.84,0,-0.671936
0.04,0.16,0,0.8,0.97824
0.04,0.16,0.04,0.76,0.89952
0.04,0.16,0.08,0.72,0.8208
0.04,0.16,0.12,0.68,0.74208
0.04,0.16,0.16,0.64,0.66336
0.04,0.16,0.2,0.6,0.58464
0.04,0.16,0.24,0.56,0.50592
0.04,0.16,0.28,0.52,0.4272
0.04,0.16,0.32,0.48,0.34848
0.04,0.16,0.36,0.44,0.26976
0.04,0.16,0.4,0.4,0.19104
0.04,0.16,0.44,0.36,0.11232
0.04,0.16,0.48,0.32,0.0335999999999999
0.04,0.16,0.52,0.28,-0.0451200000000001
0.04,0.16,0.56,0.24,-0.12384
0.04,0.16,0.6,0.2,-0.20256
0.04,0.16,0.64,0.16,-0.28128
0.04,0.16,0.68,0.12,-0.36
0.04,0.16,0.72,0.08,-0.43872
0.04,0.16,0.76,0.0399999999999999,-0.51744
0.04,0.16,0.8,0,-0.59616
0.04,0.2,0,0.76,0.96576
0.04,0.2,0.04,0.72,0.88736
0.04,0.2,0.08,0.68,0.80896
0.04,0.2,0.12,0.64,0.73056
0.04,0.2,0.16,0.6,0.65216
0.04,0.2,0.2,0.56,0.57376
0.04,0.2,0.24,0.52,0.49536
0.04,0.2,0.28,0.48,0.41696
0.04,0.2,0.32,0.44,0.33856
0.04,0.2,0.36,0.4,0.26016
0.04,0.2,0.4,0.36,0.18176
0.04,0.2,0.44,0.32,0.10336
0.04,0.2,0.48,0.28,0.02496
0.04,0.2,0.52,0.24,-0.05344
0.04,0.2,0.56,0.2,-0.13184
0.04,0.2,0.6,0.16,-0.21024
0.04,0.2,0.64,0.12,-0.28864
0.04,0.2,0.68,0.08,-0.36704
0.04,0.2,0.72,0.04,-0.44544
0.04,0.2,0.76,0,-0.52384
0.04,0.24,0,0.72,0.950464
0.04,0.24,0.04,0.68,0.872384
0.04,0.24,0.08,0.64,0.794304
0.04,0.24,0.12,0.6,0.716224
0.04,0.24,0.16,0.56,0.638144
0.04,0.24,0.2,0.52,0.560064
0.04,0.24,0.24,0.48,0.481984
0.04,0.24,0.28,0.44,0.403904
0.04,0.24,0.32,0.4,0.325824
0.04,0.24,0.36,0.36,0.247744
0.04,0.24,0.4,0.32,0.169664
0.04,0.24,0.44,0.28,0.0915839999999999
0.04,0.24,0.48,0.24,0.013504
0.04,0.24,0.52,0.2,-0.0645760000000001
0.04,0.24,0.56,0.16,-0.142656
0.04,0.24,0.6,0.12,-0.220736
0.04,0.24,0.64,0.08,-0.298816
0.04,0.24,0.68,0.0399999999999999,-0.376896
0.04,0.24,0.72,0,-0.454976
0.04,0.28,0,0.68,0.932352
0.04,0.28,0.04,0.64,0.854592
0.04,0.28,0.08,0.6,0.776832
0.04,0.28,0.12,0.56,0.699072
0.04,0.28,0.16,0.52,0.621312
0.04,0.28,0.2,0.48,0.543552
0.04,0.28,0.24,0.44,0.465792
0.04,0.28,0.28,0.4,0.388032
0.04,0.28,0.32,0.36,0.310272
0.04,0.28,0.36,0.32,0.232512
0.04,0.28,0.4,0.28,0.154752
0.04,0.28,0.44,0.24,0.0769919999999999
0.04,0.28,0.48,0.2,-0.000768000000000012
0.04,0.28,0.52,0.16,-0.0785280000000001
0.04,0.28,0.56,0.12,-0.156288
0.04,0.28,0.6,0.08,-0.234048
0.04,0.28,0.64,0.0399999999999999,-0.311808
0.04,0.28,0.68,0,-0.389568
0.04,0.32,0,0.64,0.911424
0.04,0.32,0.04,0.6,0.833984
0.04,0.32,0.08,0.56,0.756544
0.04,0.32,0.12,0.52,0.679104
0.04,0.32,0.16,0.48,0.601664
0.04,0.32,0.2,0.44,0.524224
0.04,0.32,0.24,0.4,0.446784
0.04,0.32,0.28,0.36,0.369344
0.04,0.32,0.32,0.32,0.291904
0.04,0.32,0.36,0.28,0.214464
0.04,0.32,0.4,0.24,0.137024
0.04,0.32,0.44,0.2,0.0595839999999999
0.04,0.32,0.48,0.16,-0.0178560000000001
0.04,0.32,0.52,0.12,-0.0952960000000002
0.04,0.32,0.56,0.0799999999999998,-0.172736
0.04,0.32,0.6,0.0399999999999999,-0.250176
0.04,0.32,0.64,0,-0.327616
0.04,0.36,0,0.6,0.88768
0.04,0.36,0.04,0.56,0.81056
0.04,0.36,0.08,0.52,0.73344
0.04,0.36,0.12,0.48,0.65632
0.04,0.36,0.16,0.44,0.5792
0.04,0.36,0.2,0.4,0.50208
0.04,0.36,0.24,0.36,0.42496
0.04,0.36,0.28,0.32,0.34784
0.04,0.36,0.32,0.28,0.27072
0.04,0.36,0.36,0.24,0.1936
0.04,0.36,0.4,0.2,0.11648
0.04,0.36,0.44,0.16,0.03936
0.04,0.36,0.48,0.12,-0.03776
0.04,0.36,0.52,0.08,-0.11488
0.04,0.36,0.56,0.0399999999999999,-0.192
0.04,0.36,0.6,0,-0.26912
0.04,0.4,0,0.56,0.86112
0.04,0.4,0.04,0.52,0.78432
0.04,0.4,0.08,0.48,0.70752
0.04,0.4,0.12,0.44,0.63072
0.04,0.4,0.16,0.4,0.55392
0.04,0.4,0.2,0.36,0.47712
0.04,0.4,0.24,0.32,0.40032
0.04,0.4,0.28,0.28,0.32352
0.04,0.4,0.32,0.24,0.24672
0.04,0.4,0.36,0.2,0.16992
0.04,0.4,0.4,0.16,0.0931199999999999
0.04,0.4,0.44,0.12,0.0163199999999999
0.04,0.4,0.48,0.08,-0.06048
0.04,0.4,0.52,0.0399999999999999,-0.13728
0.04,0.4,0.56,0,-0.21408
0.04,0.44,0,0.52,0.831744
0.04,0.44,0.04,0.48,0.755264
0.04,0.44,0.08,0.44,0.678784
0.04,0.44,0.12,0.4,0.602304
0.04,0.44,0.16,0.36,0.525824
0.04,0.44,0.2,0.32,0.449344
0.04,0.44,0.24,0.28,0.372864
0.04,0.44,0.28,0.24,0.296384
0.04,0.44,0.32,0.2,0.219904
0.04,0.44,0.36,0.16,0.143424
0.04,0.44,0.4,0.12,0.066944
0.04,0.44,0.44,0.08,-0.00953599999999999
0.04,0.44,0.48,0.04,-0.0860159999999999
0.04,0.44,0.52,0,-0.162496
0.04,0.48,0,0.48,0.799552
0.04,0.48,0.04,0.44,0.723392
0.04,0.48,0.08,0.4,0.647232
0.04,0.48,0.12,0.36,0.571072
0.04,0.48,0.16,0.32,0.494912
0.04,0.48,0.2,0.28,0.418752
0.04,0.48,0.24,0.24,0.342592
0.04,0.48,0.28,0.2,0.266432
0.04,0.48,0.32,0.16,0.190272
0.04,0.48,0.36,0.12,0.114112
0.04,0.48,0.4,0.08,0.0379519999999999
0.04,0.48,0.44,0.04,-0.0382080000000001
0.04,0.48,0.48,0,-0.114368
0.04,0.52,0,0.44,0.764544
0.04,0.52,0.04,0.4,0.688704
0.04,0.52,0.08,0.36,0.612864
0.04,0.52,0.12,0.32,0.537024
0.04,0.52,0.16,0.28,0.461184
0.04,0.52,0.2,0.24,0.385344
0.04,0.52,0.24,0.2,0.309504
0.04,0.52,0.28,0.16,0.233664
0.04,0.52,0.32,0.12,0.157824
0.04,0.52,0.36,0.08,0.0819839999999999
0.04,0.52,0.4,0.0399999999999999,0.00614399999999991
0.04,0.52,0.44,0,-0.069696
0.04,0.56,0,0.4,0.72672
0.04,0.56,0.04,0.36,0.6512
0.04,0.56,0.08,0.32,0.57568
0.04,0.56,0.12,0.28,0.50016
0.04,0.56,0.16,0.24,0.42464
0.04,0.56,0.2,0.2,0.34912
0.04,0.56,0.24,0.16,0.2736
0.04,0.56,0.28,0.12,0.19808
0.04,0.56,0.32,0.0799999999999999,0.12256
0.04,0.56,0.36,0.0399999999999999,0.0470399999999999
0.04,0.56,0.4,0,-0.0284799999999999
0.04,0.6,0,0.36,0.68608
0.04,0.6,0.04,0.32,0.61088
0.04,0.6,0.08,0.28,0.53568
0.04,0.6,0.12,0.24,0.46048
0.04,0.6,0.16,0.2,0.38528
0.04,0.6,0.2,0.16,0.31008
0.04,0.6,0.24,0.12,0.23488
0.04,0.6,0.28,0.08,0.15968
0.04,0.6,0.32,0.04,0.08448
0.04,0.6,0.36,0,0.00927999999999998
0.04,0.64,0,0.32,0.642624
0.04,0.64,0.04,0.28,0.567744
0.04,0.64,0.08,0.24,0.492864
0.04,0.64,0.12,0.2,0.417984
0.04,0.64,0.16,0.16,0.343104
0.04,0.64,0.2,0.12,0.268224
0.04,0.64,0.24,0.08,0.193344
0.04,0.64,0.28,0.0399999999999999,0.118464
0.04,0.64,0.32,0,0.043584
0.04,0.68,0,0.28,0.596352
0.04,0.68,0.04,0.24,0.521792
0.04,0.68,0.08,0.2,0.447232
0.04,0.68,0.12,0.16,0.372672
0.04,0.68,0.16,0.12,0.298112
0.04,0.68,0.2,0.0799999999999999,0.223552
0.04,0.68,0.24,0.0399999999999999,0.148992
0.04,0.68,0.28,0,0.0744320000000001
0.04,0.72,0,0.24,0.547264
0.04,0.72,0.04,0.2,0.473024
0.04,0.72,0.08,0.16,0.398784
0.04,0.72,0.12,0.12,0.324544
0.04,0.72,0.16,0.08,0.250304
0.04,0.72,0.2,0.04,0.176064
0.04,0.72,0.24,0,0.101824
0.04,0.76,0,0.2,0.49536
0.04,0.76,0.04,0.16,0.42144
0.04,0.76,0.08,0.12,0.34752
0.04,0.76,0.12,0.08,0.2736
0.04,0.76,0.16,0.04,0.19968
0.04,0.76,0.2,0,0.12576
0.04,0.8,0,0.16,0.44064
0.04,0.8,0.04,0.12,0.36704
0.04,0.8,0.08,0.0799999999999999,0.29344
0.04,0.8,0.12,0.0399999999999999,0.21984
0.04,0.8,0.16,0,0.14624
0.04,0.84,0,0.12,0.383104
0.04,0.84,0.04,0.08,0.309824
0.04,0.84,0.08,0.04,0.236544
0.04,0.84,0.12,0,0.163264
0.04,0.88,0,0.08,0.322752
0.04,0.88,0.04,0.04,0.249792
0.04,0.88,0.08,0,0.176832
0.04,0.92,0,0.0399999999999999,0.259584
0.04,0.92,0.0399999999999999,0,0.186944
0.04,0.96,0,0,0.1936
0.08,0,0,0.92,1
0.08,0,0.04,0.88,0.92
0.08,0,0.08,0.84,0.84
0.08,0,0.12,0.8,0.76
0.08,0,0.16,0.76,0.68
0.08,0,0.2,0.72,0.6
0.08,0,0.24,0.68,0.52
0.08,0,0.28,0.64,0.44
0.08,0,0.32,0.6,0.36
0.08,0,0.36,0.56,0.28
0.08,0,0.4,0.52,0.2
0.08,0,0.44,0.48,0.12
0.08,0,0.48,0.44,0.0400000000000001
0.08,0,0.52,0.4,-0.04
0.08,0,0.56,0.36,-0.12
0.08,0,0.6,0.32,-0.2
0.08,0,0.64,0.28,-0.28
0.08,0,0.68,0.24,-0.36
0.08,0,0.72,0.2,-0.44
0.08,0,0.76,0.16,-0.52
0.08,0,0.8,0.12,-0.6
0.08,0,0.84,0.0800000000000001,-0.68
0.08,0,0.88,0.04,-0.76
0.08,0,0.92,0,-0.84
0.08,0.04,0,0.88,1.034752
0.08,0.04,0.04,0.84,0.955392
0.08,0.04,0.08,0.8,0.876032
0.08,0.04,0.12,0.76,0.796672
0.08,0.04,0.16,0.72,0.717312
0.08,0.04,0.2,0.68,0.637952
0.08,0.04,0.24,0.64,0.558592
0.08,0.04,0.28,0.6,0.479232
0.08,0.04,0.32,0.56,0.399872
0.08,0.04,0.36,0.52,0.320512
0.08,0.04,0.4,0.48,0.241152
0.08,0.04,0.44,0.44,0.161792
0.08,0.04,0.48,0.4,0.0824320000000001
0.08,0.04,0.52,0.36,0.00307199999999999
0.08,0.04,0.56,0.32,-0.0762880000000001
0.08,0.04,0.6,0.28,-0.155648
0.08,0.04,0.64,0.24,-0.235008
0.08,0.04,0.68,0.2,-0.314368
0.08,0.04,0.72,0.16,-0.393728
0.08,0.04,0.76,0.12,-0.473088
0.08,0.04,0.8,0.08,-0.552448
0.08,0.04,0.84,0.04,-0.631808
0.08,0.04,0.88,0,-0.711168
0.08,0.08,0,0.84,1.063872
0.08,0.08,0.04,0.8,0.985152
0.08,0.08,0.08,0.76,0.906432
0.08,0.08,0.12,0.72,0.827712
0.08,0.08,0.16,0.68,0.748992
0.08,0.08,0.2,0.64,0.670272
0.08,0.08,0.24,0.6,0.591552
0.08,0.08,0.28,0.56,0.512832
0.08,0.08,0.32,0.52,0.434112
0.08,0.08,0.36,0.48,0.355392
0.08,0.08,0.4,0.44,0.276672
0.08,0.08,0.44,0.4,0.197952
0.08,0.08,0.48,0.36,0.119232
0.08,0.08,0.52,0.32,0.0405120000000001
0.08,0.08,0.56,0.28,-0.038208
0.08,0.08,0.6,0.24,-0.116928
0.08,0.08,0.64,0.2,-0.195648
0.08,0.08,0.68,0.16,-0.274368
0.08,0.08,0.72,0.12,-0.353088
0.08,0.08,0.76,0.0800000000000001,-0.431808
0.08,0.08,0.8,0.04,-0.510528
0.08,0.08,0.84,1.11022302462516e-16,-0.589248
0.08,0.12,0,0.8,1.08736
0.08,0.12,0.04,0.76,1.00928
0.08,0.12,0.08,0.72,0.9312
0.08,0.12,0.12,0.68,0.85312
0.08,0.12,0.16,0.64,0.77504
0.08,0.12,0.2,0.6,0.69696
0.08,0.12,0.24,0.56,0.61888
0.08,0.12,0.28,0.52,0.5408
0.08,0.12,0.32,0.48,0.46272
0.08,0.12,0.36,0.44,0.38464
0.08,0.12,0.4,0.4,0.30656
0.08,0.12,0.44,0.36,0.22848
0.08,0.12,0.48,0.32,0.1504
0.08,0.12,0.52,0.28,0.07232
0.08,0.12,0.56,0.24,-0.00576000000000006
0.08,0.12,0.6,0.2,-0.08384
0.08,0.12,0.64,0.16,-0.16192
0.08,0.12,0.68,0.12,-0.24
0.08,0.12,0.72,0.0800000000000001,-0.31808
0.08,0.12,0.76,0.04,-0.39616
0.08,0.12,0.8,0,-0.47424
0.08,0.16,0,0.76,1.105216
0.08,0.16,0.04,0.72,1.027776
0.08,0.16,0.08,0.68,0.950336
0.08,0.16,0.12,0.64,0.872896
0.08,0.16,0.16,0.6,0.795456
0.08,0.16,0.2,0.56,0.718016
0.08,0.16,0.24,0.52,0.640576
0.08,0.16,0.28,0.48,0.563136
0.08,0.16,0.32,0.44,0.485696
0.08,0.16,0.36,0.4,0.408256
0.08,0.16,0.4,0.36,0.330816
0.08,0.16,0.44,0.32,0.253376
0.08,0.16,0.48,0.28,0.175936
0.08,0.16,0.52,0.24,0.098496
0.08,0.16,0.56,0.2,0.0210559999999999
0.08,0.16,0.6,0.16,-0.0563839999999999
0.08,0.16,0.64,0.12,-0.133824
0.08,0.16,0.68,0.08,-0.211264
0.08,0.16,0.72,0.04,-0.288704
0.08,0.16,0.76,0,-0.366144
0.08,0.2,0,0.72,1.11744
0.08,0.2,0.04,0.68,1.04064
0.08,0.2,0.08,0.64,0.96384
0.08,0.2,0.12,0.6,0.88704
0.08,0.2,0.16,0.56,0.81024
0.08,0.2,0.2,0.52,0.73344
0.08,0.2,0.24,0.48,0.65664
0.08,0.2,0.28,0.44,0.57984
0.08,0.2,0.32,0.4,0.50304
0.08,0.2,0.36,0.36,0.42624
0.08,0.2,0.4,0.32,0.34944
0.08,0.2,0.44,0.28,0.27264
0.08,0.2,0.48,0.24,0.19584
0.08,0.2,0.52,0.2,0.11904
0.08,0.2,0.56,0.16,0.0422399999999999
0.08,0.2,0.6,0.12,-0.03456
0.08,0.2,0.64,0.08,-0.11136
0.08,0.2,0.68,0.0399999999999999,-0.18816
0.08,0.2,0.72,0,-0.26496
0.08,0.24,0,0.68,1.124032
0.08,0.24,0.04,0.64,1.047872
0.08,0.24,0.08,0.6,0.971712
0.08,0.24,0.12,0.56,0.895552
0.08,0.24,0.16,0.52,0.819392
0.08,0.24,0.2,0.48,0.743232
0.08,0.24,0.24,0.44,0.667072
0.08,0.24,0.28,0.4,0.590912
0.08,0.24,0.32,0.36,0.514752
0.08,0.24,0.36,0.32,0.438592
0.08,0.24,0.4,0.28,0.362432
0.08,0.24,0.44,0.24,0.286272
0.08,0.24,0.48,0.2,0.210112
0.08,0.24,0.52,0.16,0.133952
0.08,0.24,0.56,0.12,0.0577919999999999
0.08,0.24,0.6,0.0800000000000001,-0.018368
0.08,0.24,0.64,0.04,-0.094528
0.08,0.24,0.68,0,-0.170688
0.08,0.28,0,0.64,1.124992
0.08,0.28,0.04,0.6,1.049472
0.08,0.28,0.08,0.56,0.973952
0.08,0.28,0.12,0.52,0.898432
0.08,0.28,0.16,0.48,0.822912
0.08,0.28,0.2,0.44,0.747392
0.08,0.28,0.24,0.4,0.671872
0.08,0.28,0.28,0.36,0.596352
0.08,0.28,0.32,0.32,0.520832
0.08,0.28,0.36,0.28,0.445312
0.08,0.28,0.4,0.24,0.369792
0.08,0.28,0.44,0.2,0.294272
0.08,0.28,0.48,0.16,0.218752
0.08,0.28,0.52,0.12,0.143232
0.08,0.28,0.56,0.08,0.067712
0.08,0.28,0.6,0.04,-0.00780799999999991
0.08,0.28,0.64,0,-0.083328
0.08,0.32,0,0.6,1.12032
0.08,0.32,0.04,0.56,1.04544
0.08,0.32,0.08,0.52,0.97056
0.08,0.32,0.12,0.48,0.89568
0.08,0.32,0.16,0.44,0.8208
0.08,0.32,0.2,0.4,0.74592
0.08,0.32,0.24,0.36,0.67104
0.08,0.32,0.28,0.32,0.59616
0.08,0.32,0.32,0.28,0.52128
0.08,0.32,0.36,0.24,0.4464
0.08,0.32,0.4,0.2,0.37152
0.08,0.32,0.44,0.16,0.29664
0.08,0.32,0.48,0.12,0.22176
0.08,0.32,0.52,0.0800000000000001,0.14688
0.08,0.32,0.56,0.04,0.0720000000000001
0.08,0.32,0.6,1.11022302462516e-16,-0.00287999999999982
0.08,0.36,0,0.56,1.110016
0.08,0.36,0.04,0.52,1.035776
0.08,0.36,0.08,0.48,0.961536
0.08,0.36,0.12,0.44,0.887296
0.08,0.36,0.16,0.4,0.813056
0.08,0.36,0.2,0.36,0.738816
0.08,0.36,0.24,0.32,0.664576
0.08,0.36,0.28,0.28,0.590336
0.08,0.36,0.32,0.24,0.516096
0.08,0.36,0.36,0.2,0.441856
0.08,0.36,0.4,0.16,0.367616
0.08,0.36,0.44,0.12,0.293376
0.08,0.36,0.48,0.0800000000000001,0.219136
0.08,0.36,0.52,0.04,0.144896
0.08,0.36,0.56,0,0.0706560000000001
0.08,0.4,0,0.52,1.09408
0.08,0.4,0.04,0.48,1.02048
0.08,0.4,0.08,0.44,0.94688
0.08,0.4,0.12,0.4,0.87328
0.08,0.4,0.16,0.36,0.79968
0.08,0.4,0.2,0.32,0.72608
0.08,0.4,0.24,0.28,0.65248
0.08,0.4,0.28,0.24,0.57888
0.08,0.4,0.32,0.2,0.50528
0.08,0.4,0.36,0.16,0.43168
0.08,0.4,0.4,0.12,0.35808
0.08,0.4,0.44,0.08,0.28448
0.08,0.4,0.48,0.04,0.21088
0.08,0.4,0.52,0,0.13728
0.08,0.44,0,0.48,1.072512
0.08,0.44,0.04,0.44,0.999552
0.08,0.44,0.08,0.4,0.926592
0.08,0.44,0.12,0.36,0.853632
0.08,0.44,0.16,0.32,0.780672
0.08,0.44,0.2,0.28,0.707712
0.08,0.44,0.24,0.24,0.634752
0.08,0.44,0.28,0.2,0.561792
0.08,0.44,0.32,0.16,0.488832
0.08,0.44,0.36,0.12,0.415872
0.08,0.44,0.4,0.08,0.342912
0.08,0.44,0.44,0.04,0.269952
0.08,0.44,0.48,5.55111512312578e-17,0.196992
0.08,0.48,0,0.44,1.045312
0.08,0.48,0.04,0.4,0.972992
0.08,0.48,0.08,0.36,0.900672
0.08,0.48,0.12,0.32,0.828352
0.08,0.48,0.16,0.28,0.756032
0.08,0.48,0.2,0.24,0.683712
0.08,0.48,0.24,0.2,0.611392
0.08,0.48,0.28,0.16,0.539072
0.08,0.48,0.32,0.12,0.466752
0.08,0.48,0.36,0.0800000000000001,0.394432
0.08,0.48,0.4,0.04,0.322112
0.08,0.48,0.44,5.55111512312578e-17,0.249792
0.08,0.52,0,0.4,1.01248
0.08,0.52,0.04,0.36,0.9408
0.08,0.52,0.08,0.32,0.86912
0.08,0.52,0.12,0.28,0.79744
0.08,0.52,0.16,0.24,0.72576
0.08,0.52,0.2,0.2,0.65408
0.08,0.52,0.24,0.16,0.5824
0.08,0.52,0.28,0.12,0.51072
0.08,0.52,0.32,0.08,0.43904
0.08,0.52,0.36,0.04,0.36736
0.08,0.52,0.4,0,0.29568
0.08,0.56,0,0.36,0.974016
0.08,0.56,0.04,0.32,0.902976
0.08,0.56,0.08,0.28,0.831936
0.08,0.56,0.12,0.24,0.760896
0.08,0.56,0.16,0.2,0.689856
0.08,0.56,0.2,0.16,0.618816
0.08,0.56,0.24,0.12,0.547776
0.08,0.56,0.28,0.08,0.476736
0.08,0.56,0.32,0.04,0.405696
0.08,0.56,0.36,0,0.334656
0.08,0.6,0,0.32,0.92992
0.08,0.6,0.04,0.28,0.85952
0.08,0.6,0.08,0.24,0.78912
0.08,0.6,0.12,0.2,0.71872
0.08,0.6,0.16,0.16,0.64832
0.08,0.6,0.2,0.12,0.57792
0.08,0.6,0.24,0.0800000000000001,0.50752
0.08,0.6,0.28,0.04,0.43712
0.08,0.6,0.32,5.55111512312578e-17,0.36672
0.08,0.64,0,0.28,0.880192
0.08,0.64,0.04,0.24,0.810432
0.08,0.64,0.08,0.2,0.740672
0.08,0.64,0.12,0.16,0.670912
0.08,0.64,0.16,0.12,0.601152
0.08,0.64,0.2,0.08,0.531392
0.08,0.64,0.24,0.04,0.461632
0.08,0.64,0.28,0,0.391872
0.08,0.68,0,0.24,0.824832
0.08,0.68,0.04,0.2,0.755712
0.08,0.68,0.08,0.16,0.686592
0.08,0.68,0.12,0.12,0.617472
0.08,0.68,0.16,0.08,0.548352
0.08,0.68,0.2,0.04,0.479232
0.08,0.68,0.24,0,0.410112
0.08,0.72,0,0.2,0.76384
0.08,0.72,0.04,0.16,0.69536
0.08,0.72,0.08,0.12,0.62688
0.08,0.72,0.12,0.0800000000000001,0.5584
0.08,0.72,0.16,0.0400000000000001,0.48992
0.08,0.72,0.2,5.55111512312578e-17,0.42144
0.08,0.76,0,0.16,0.697216
0.08,0.76,0.04,0.12,0.629376
0.08,0.76,0.08,0.08,0.561536
0.08,0.76,0.12,0.04,0.493696
0.08,0.76,0.16,2.77555756156289e-17,0.425856
0.08,0.8,0,0.12,0.62496
0.08,0.8,0.04,0.08,0.55776
0.08,0.8,0.08,0.04,0.49056
0.08,0.8,0.12,0,0.42336
0.08,0.84,0,0.0800000000000001,0.547072
0.08,0.84,0.04,0.0400000000000001,0.480512
0.08,0.84,0.08,6.93889390390723e-17,0.413952
0.08,0.88,0,0.04,0.463552
0.08,0.88,0.04,3.46944695195361e-17,0.397632
0.08,0.92,0,0,0.3744
0.12,0,0,0.88,1
0.12,0,0.04,0.84,0.92
0.12,0,0.08,0.8,0.84
0.12,0,0.12,0.76,0.76
0.12,0,0.16,0.72,0.68
0.12,0,0.2,0.68,0.6
0.12,0,0.24,0.64,0.52
0.12,0,0.28,0.6,0.44
0.12,0,0.32,0.56,0.36
0.12,0,0.36,0.52,0.28
0.12,0,0.4,0.48,0.2
0.12,0,0.44,0.44,0.12
0.12,0,0.48,0.4,0.04
0.12,0,0.52,0.36,-0.04
0.12,0,0.56,0.32,-0.12
0.12,0,0.6,0.28,-0.2
0.12,0,0.64,0.24,-0.28
0.12,0,0.68,0.2,-0.36
0.12,0,0.72,0.16,-0.44
0.12,0,0.76,0.12,-0.52
0.12,0,0.8,0.08,-0.6
0.12,0,0.84,0.04,-0.68
0.12,0,0.88,0,-0.76
0.12,0.04,0,0.84,1.067904
0.12,0.04,0.04,0.8,0.988864
0.12,0.04,0.08,0.76,0.909824
0.12,0.04,0.12,0.72,0.830784
0.12,0.04,0.16,0.68,0.751744
0.12,0.04,0.2,0.64,0.672704
0.12,0.04,0.24,0.6,0.593664
0.12,0.04,0.28,0.56,0.514624
0.12,0.04,0.32,0.52,0.435584
0.12,0.04,0.36,0.48,0.356544
0.12,0.04,0.4,0.44,0.277504
0.12,0.04,0.44,0.4,0.198464
0.12,0.04,0.48,0.36,0.119424
0.12,0.04,0.52,0.32,0.0403839999999999
0.12,0.04,0.56,0.28,-0.0386560000000002
0.12,0.04,0.6,0.24,-0.117696
0.12,0.04,0.64,0.2,-0.196736
0.12,0.04,0.68,0.16,-0.275776
0.12,0.04,0.72,0.12,-0.354816
0.12,0.04,0.76,0.08,-0.433856
0.12,0.04,0.8,0.0399999999999999,-0.512896
0.12,0.04,0.84,0,-0.591936
0.12,0.08,0,0.8,1.12736
0.12,0.08,0.04,0.76,1.04928
0.12,0.08,0.08,0.72,0.9712
0.12,0.08,0.12,0.68,0.89312
0.12,0.08,0.16,0.64,0.81504
0.12,0.08,0.2,0.6,0.73696
0.12,0.08,0.24,0.56,0.65888
0.12,0.08,0.28,0.52,0.5808
0.12,0.08,0.32,0.48,0.50272
0.12,0.08,0.36,0.44,0.42464
0.12,0.08,0.4,0.4,0.34656
0.12,0.08,0.44,0.36,0.26848
0.12,0.08,0.48,0.32,0.1904
0.12,0.08,0.52,0.28,0.11232
0.12,0.08,0.56,0.24,0.0342399999999999
0.12,0.08,0.6,0.2,-0.0438399999999999
0.12,0.08,0.64,0.16,-0.12192
0.12,0.08,0.68,0.12,-0.2
0.12,0.08,0.72,0.0800000000000001,-0.27808
0.12,0.08,0.76,0.04,-0.35616
0.12,0.08,0.8,0,-0.43424
0.12,0.12,0,0.76,1.178368
0.12,0.12,0.04,0.72,1.101248
0.12,0.12,0.08,0.68,1.024128
0.12,0.12,0.12,0.64,0.947008
0.12,0.12,0.16,0.6,0.869888
0.12,0.12,0.2,0.56,0.792768
0.12,0.12,0.24,0.52,0.715648
0.12,0.12,0.28,0.48,0.638528
0.12,0.12,0.32,0.44,0.561408
0.12,0.12,0.36,0.4,0.484288
0.12,0.12,0.4,0.36,0.407168
0.12,0.12,0.44,0.32,0.330048
0.12,0.12,0.48,0.28,0.252928
0.12,0.12,0.52,0.24,0.175808
0.12,0.12,0.56,0.2,0.0986879999999999
0.12,0.12,0.6,0.16,0.021568
0.12,0.12,0.64,0.12,-0.055552
0.12,0.12,0.68,0.08,-0.132672
0.12,0.12,0.72,0.04,-0.209792
0.12,0.12,0.76,0,-0.286912
0.12,0.16,0,0.72,1.220928
0.12,0.16,0.04,0.68,1.144768
0.12,0.16,0.08,0.64,1.068608
0.12,0.16,0.12,0.6,0.992448
0.12,0.16,0.16,0.56,0.916288
0.12,0.16,0.2,0.52,0.840128
0.12,0.16,0.24,0.48,0.763968
0.12,0.16,0.28,0.44,0.687808
0.12,0.16,0.32,0.4,0.611648
0.12,0.16,0.36,0.36,0.535488
0.12,0.16,0.4,0.32,0.459328
0.12,0.16,0.44,0.28,0.383168
0.12,0.16,0.48,0.24,0.307008
0.12,0.16,0.52,0.2,0.230848
0.12,0.16,0.56,0.16,0.154688
0.12,0.16,0.6,0.12,0.078528
0.12,0.16,0.64,0.08,0.00236799999999992
0.12,0.16,0.68,0.0399999999999999,-0.0737920000000002
0.12,0.16,0.72,0,-0.149952
0.12,0.2,0,0.68,1.25504
0.12,0.2,0.04,0.64,1.17984
0.12,0.2,0.08,0.6,1.10464
0.12,0.2,0.12,0.56,1.02944
0.12,0.2,0.16,0.52,0.95424
0.12,0.2,0.2,0.48,0.87904
0.12,0.2,0.24,0.44,0.80384
0.12,0.2,0.28,0.4,0.72864
0.12,0.2,0.32,0.36,0.65344
0.12,0.2,0.36,0.32,0.57824
0.12,0.2,0.4,0.28,0.50304
0.12,0.2,0.44,0.24,0.42784
0.12,0.2,0.48,0.2,0.35264
0.12,0.2,0.52,0.16,0.27744
0.12,0.2,0.56,0.12,0.20224
0.12,0.2,0.6,0.08,0.12704
0.12,0.2,0.64,0.0399999999999999,0.0518399999999999
0.12,0.2,0.68,0,-0.02336
0.12,0.24,0,0.64,1.280704
0.12,0.24,0.04,0.6,1.206464
0.12,0.24,0.08,0.56,1.132224
0.12,0.24,0.12,0.52,1.057984
0.12,0.24,0.16,0.48,0.983744
0.12,0.24,0.2,0.44,0.909504
0.12,0.24,0.24,0.4,0.835264
0.12,0.24,0.28,0.36,0.761024
0.12,0.24,0.32,0.32,0.686784
0.12,0.24,0.36,0.28,0.612544
0.12,0.24,0.4,0.24,0.538304
0.12,0.24,0.44,0.2,0.464064
0.12,0.24,0.48,0.16,0.389824
0.12,0.24,0.52,0.12,0.315584
0.12,0.24,0.56,0.08,0.241344
0.12,0.24,0.6,0.04,0.167104
0.12,0.24,0.64,0,0.0928639999999999
0.12,0.28,0,0.6,1.29792
0.12,0.28,0.04,0.56,1.22464
0.12,0.28,0.08,0.52,1.15136
0.12,0.28,0.12,0.48,1.07808
0.12,0.28,0.16,0.44,1.0048
0.12,0.28,0.2,0.4,0.93152
0.12,0.28,0.24,0.36,0.85824
0.12,0.28,0.28,0.32,0.78496
0.12,0.28,0.32,0.28,0.71168
0.12,0.28,0.36,0.24,0.6384
0.12,0.28,0.4,0.2,0.56512
0.12,0.28,0.44,0.16,0.49184
0.12,0.28,0.48,0.12,0.41856
0.12,0.28,0.52,0.08,0.34528
0.12,0.28,0.56,0.0399999999999999,0.272
0.12,0.28,0.6,0,0.19872
0.12,0.32,0,0.56,1.306688
0.12,0.32,0.04,0.52,1.234368
0.12,0.32,0.08,0.48,1.162048
0.12,0.32,0.12,0.44,1.089728
0.12,0.32,0.16,0.4,1.017408
0.12,0.32,0.2,0.36,0.945088
0.12,0.32,0.24,0.32,0.872768
0.12,0.32,0.28,0.28,0.800448
0.12,0.32,0.32,0.24,0.728128
0.12,0.32,0.36,0.2,0.655808
0.12,0.32,0.4,0.16,0.583488
0.12,0.32,0.44,0.12,0.511168
0.12,0.32,0.48,0.0800000000000001,0.438848
0.12,0.32,0.52,0.04,0.366528
0.12,0.32,0.56,0,0.294208
0.12,0.36,0,0.52,1.307008
0.12,0.36,0.04,0.48,1.235648
0.12,0.36,0.08,0.44,1.164288
0.12,0.36,0.12,0.4,1.092928
0.12,0.36,0.16,0.36,1.021568
0.12,0.36,0.2,0.32,0.950208
0.12,0.36,0.24,0.28,0.878848
0.12,0.36,0.28,0.24,0.807488
0.12,0.36,0.32,0.2,0.736128
0.12,0.36,0.36,0.16,0.664768
0.12,0.36,0.4,0.12,0.593408
0.12,0.36,0.44,0.08,0.522048
0.12,0.36,0.48,0.04,0.450688
0.12,0.36,0.52,0,0.379328
0.12,0.4,0,0.48,1.29888
0.12,0.4,0.04,0.44,1.22848
0.12,0.4,0.08,0.4,1.15808
0.12,0.4,0.12,0.36,1.08768
0.12,0.4,0.16,0.32,1.01728
0.12,0.4,0.2,0.28,0.94688
0.12,0.4,0.24,0.24,0.87648
0.12,0.4,0.28,0.2,0.80608
0.12,0.4,0.32,0.16,0.73568
0.12,0.4,0.36,0.12,0.66528
0.12,0.4,0.4,0.08,0.59488
0.12,0.4,0.44,0.04,0.52448
0.12,0.4,0.48,0,0.45408
0.12,0.44,0,0.44,1.282304
0.12,0.44,0.04,0.4,1.212864
0.12,0.44,0.08,0.36,1.143424
0.12,0.44,0.12,0.32,1.073984
0.12,0.44,0.16,0.28,1.004544
0.12,0.44,0.2,0.24,0.935104
0.12,0.44,0.24,0.2,0.865664
0.12,0.44,0.28,0.16,0.796224
0.12,0.44,0.32,0.12,0.726784
0.12,0.44,0.36,0.08,0.657344
0.12,0.44,0.4,0.04,0.587904
0.12,0.44,0.44,0,0.518464
0.12,0.48,0,0.4,1.25728
0.12,0.48,0.04,0.36,1.1888
0.12,0.48,0.08,0.32,1.12032
0.12,0.48,0.12,0.28,1.05184
0.12,0.48,0.16,0.24,0.98336
0.12,0.48,0.2,0.2,0.91488
0.12,0.48,0.24,0.16,0.8464
0.12,0.48,0.28,0.12,0.77792
0.12,0.48,0.32,0.08,0.70944
0.12,0.48,0.36,0.04,0.64096
0.12,0.48,0.4,0,0.57248
0.12,0.52,0,0.36,1.223808
0.12,0.52,0.04,0.32,1.156288
0.12,0.52,0.08,0.28,1.088768
0.12,0.52,0.12,0.24,1.021248
0.12,0.52,0.16,0.2,0.953728
0.12,0.52,0.2,0.16,0.886208
0.12,0.52,0.24,0.12,0.818688
0.12,0.52,0.28,0.08,0.751168
0.12,0.52,0.32,0.04,0.683648
0.12,0.52,0.36,0,0.616128
0.12,0.56,0,0.32,1.181888
0.12,0.56,0.04,0.28,1.115328
0.12,0.56,0.08,0.24,1.048768
0.12,0.56,0.12,0.2,0.982208
0.12,0.56,0.16,0.16,0.915648
0.12,0.56,0.2,0.12,0.849088
0.12,0.56,0.24,0.08,0.782528
0.12,0.56,0.28,0.0399999999999999,0.715968
0.12,0.56,0.32,0,0.649408
0.12,0.6,0,0.28,1.13152
0.12,0.6,0.04,0.24,1.06592
0.12,0.6,0.08,0.2,1.00032
0.12,0.6,0.12,0.16,0.93472
0.12,0.6,0.16,0.12,0.86912
0.12,0.6,0.2,0.08,0.80352
0.12,0.6,0.24,0.04,0.73792
0.12,0.6,0.28,0,0.67232
0.12,0.64,0,0.24,1.072704
0.12,0.64,0.04,0.2,1.008064
0.12,0.64,0.08,0.16,0.943424
0.12,0.64,0.12,0.12,0.878784
0.12,0.64,0.16,0.08,0.814144
0.12,0.64,0.2,0.04,0.749504
0.12,0.64,0.24,0,0.684864
0.12,0.68,0,0.2,1.00544
0.12,0.68,0.04,0.16,0.94176
0.12,0.68,0.08,0.12,0.87808
0.12,0.68,0.12,0.08,0.8144
0.12,0.68,0.16,0.04,0.75072
0.12,0.68,0.2,0,0.68704
0.12,0.72,0,0.16,0.929728
0.12,0.72,0.04,0.12,0.867008
0.12,0.72,0.08,0.08,0.804288
0.12,0.72,0.12,0.04,0.741568
0.12,0.72,0.16,2.77555756156289e-17,0.678848
0.12,0.76,0,0.12,0.845568
0.12,0.76,0.04,0.08,0.783808
0.12,0.76,0.08,0.04,0.722048
0.12,0.76,0.12,0,0.660288
0.12,0.8,0,0.08,0.75296
0.12,0.8,0.04,0.04,0.69216
0.12,0.8,0.08,0,0.63136
0.12,0.84,0,0.04,0.651904
0.12,0.84,0.04,3.46944695195361e-17,0.592064
0.12,0.88,0,0,0.5424
0.16,0,0,0.84,1
0.16,0,0.04,0.8,0.92
0.16,0,0.08,0.76,0.84
0.16,0,0.12,0.72,0.76
0.16,0,0.16,0.68,0.68
0.16,0,0.2,0.64,0.6
0.16,0,0.24,0.6,0.52
0.16,0,0.28,0.56,0.44
0.16,0,0.32,0.52,0.36
0.16,0,0.36,0.48,0.28
0.16,0,0.4,0.44,0.2
0.16,0,0.44,0.4,0.12
0.16,0,0.48,0.36,0.04
0.16,0,0.52,0.32,-0.04
0.16,0,0.56,0.28,-0.12
0.16,0,0.6,0.24,-0.2
0.16,0,0.64,0.2,-0.28
0.16,0,0.68,0.16,-0.36
0.16,0,0.72,0.12,-0.44
0.16,0,0.76,0.08,-0.52
0.16,0,0.8,0.0399999999999999,-0.6
0.16,0,0.84,0,-0.68
0.16,0.04,0,0.8,1.09824
0.16,0.04,0.04,0.76,1.01952
0.16,0.04,0.08,0.72,0.9408
0.16,0.04,0.12,0.68,0.86208
0.16,0.04,0.16,0.64,0.78336
0.16,0.04,0.2,0.6,0.70464
0.16,0.04,0.24,0.56,0.62592
0.16,0.04,0.28,0.52,0.5472
0.16,0.04,0.32,0.48,0.46848
0.16,0.04,0.36,0.44,0.38976
0.16,0.04,0.4,0.4,0.31104
0.16,0.04,0.44,0.36,0.23232
0.16,0.04,0.48,0.32,0.1536
0.16,0.04,0.52,0.28,0.0748799999999999
0.16,0.04,0.56,0.24,-0.00384000000000013
0.16,0.04,0.6,0.2,-0.08256
0.16,0.04,0.64,0.16,-0.16128
0.16,0.04,0.68,0.12,-0.24
0.16,0.04,0.72,0.08,-0.31872
0.16,0.04,0.76,0.0399999999999999,-0.39744
0.16,0.04,0.8,0,-0.47616
0.16,0.08,0,0.76,1.185216
0.16,0.08,0.04,0.72,1.107776
0.16,0.08,0.08,0.68,1.030336
0.16,0.08,0.12,0.64,0.952896
0.16,0.08,0.16,0.6,0.875456
0.16,0.08,0.2,0.56,0.798016
0.16,0.08,0.24,0.52,0.720576
0.16,0.08,0.28,0.48,0.643136
0.16,0.08,0.32,0.44,0.565696
0.16,0.08,0.36,0.4,0.488256
0.16,0.08,0.4,0.36,0.410816
0.16,0.08,0.44,0.32,0.333376
0.16,0.08,0.48,0.28,0.255936
0.16,0.08,0.52,0.24,0.178496
0.16,0.08,0.56,0.2,0.101056
0.16,0.08,0.6,0.16,0.0236160000000001
0.16,0.08,0.64,0.12,-0.0538239999999999
0.16,0.08,0.68,0.08,-0.131264
0.16,0.08,0.72,0.04,-0.208704
0.16,0.08,0.76,0,-0.286144
0.16,0.12,0,0.72,1.260928
0.16,0.12,0.04,0.68,1.184768
0.16,0.12,0.08,0.64,1.108608
0.16,0.12,0.12,0.6,1.032448
0.16,0.12,0.16,0.56,0.956288
0.16,0.12,0.2,0.52,0.880128
0.16,0.12,0.24,0.48,0.803968
0.16,0.12,0.28,0.44,0.727808
0.16,0.12,0.32,0.4,0.651648
0.16,0.12,0.36,0.36,0.575488
0.16,0.12,0.4,0.32,0.499328
0.16,0.12,0.44,0.28,0.423168
0.16,0.12,0.48,0.24,0.347008
0.16,0.12,0.52,0.2,0.270848
0.16,0.12,0.56,0.16,0.194688
0.16,0.12,0.6,0.12,0.118528
0.16,0.12,0.64,0.08,0.042368
0.16,0.12,0.68,0.0399999999999999,-0.0337920000000002
0.16,0.12,0.72,0,-0.109952
0.16,0.16,0,0.68,1.325376
0.16,0.16,0.04,0.64,1.250496
0.16,0.16,0.08,0.6,1.175616
0.16,0.16,0.12,0.56,1.100736
0.16,0.16,0.16,0.52,1.025856
0.16,0.16,0.2,0.48,0.950976
0.16,0.16,0.24,0.44,0.876096
0.16,0.16,0.28,0.4,0.801216
0.16,0.16,0.32,0.36,0.726336
0.16,0.16,0.36,0.32,0.651456
0.16,0.16,0.4,0.28,0.576576
0.16,0.16,0.44,0.24,0.501696
0.16,0.16,0.48,0.2,0.426816
0.16,0.16,0.52,0.16,0.351936
0.16,0.16,0.56,0.12,0.277056
0.16,0.16,0.6,0.08,0.202176
0.16,0.16,0.64,0.0399999999999999,0.127296
0.16,0.16,0.68,0,0.0524160000000001
0.16,0.2,0,0.64,1.37856
0.16,0.2,0.04,0.6,1.30496
0.16,0.2,0.08,0.56,1.23136
0.16,0.2,0.12,0.52,1.15776
0.16,0.2,0.16,0.48,1.08416
0.16,0.2,0.2,0.44,1.01056
0.16,0.2,0.24,0.4,0.93696
0.16,0.2,0.28,0.36,0.86336
0.16,0.2,0.32,0.32,0.78976
0.16,0.2,0.36,0.28,0.71616
0.16,0.2,0.4,0.24,0.64256
0.16,0.2,0.44,0.2,0.56896
0.16,0.2,0.48,0.16,0.49536
0.16,0.2,0.52,0.12,0.42176
0.16,0.2,0.56,0.0799999999999998,0.34816
0.16,0.2,0.6,0.0399999999999999,0.27456
0.16,0.2,0.64,0,0.20096
0.16,0.24,0,0.6,1.42048
0.16,0.24,0.04,0.56,1.34816
0.16,0.24,0.08,0.52,1.27584
0.16,0.24,0.12,0.48,1.20352
0.16,0.24,0.16,0.44,1.1312
0.16,0.24,0.2,0.4,1.05888
0.16,0.24,0.24,0.36,0.98656
0.16,0.24,0.28,0.32,0.91424
0.16,0.24,0.32,0.28,0.84192
0.16,0.24,0.36,0.24,0.7696
0.16,0.24,0.4,0.2,0.69728
0.16,0.24,0.44,0.16,0.62496
0.16,0.24,0.48,0.12,0.55264
0.16,0.24,0.52,0.08,0.48032
0.16,0.24,0.56,0.0399999999999999,0.408
0.16,0.24,0.6,0,0.33568
0.16,0.28,0,0.56,1.451136
0.16,0.28,0.04,0.52,1.380096
0.16,0.28,0.08,0.48,1.309056
0.16,0.28,0.12,0.44,1.238016
0.16,0.28,0.16,0.4,1.166976
0.16,0.28,0.2,0.36,1.095936
0.16,0.28,0.24,0.32,1.024896
0.16,0.28,0.28,0.28,0.953856
0.16,0.28,0.32,0.24,0.882816
0.16,0.28,0.36,0.2,0.811776
0.16,0.28,0.4,0.16,0.740736
0.16,0.28,0.44,0.12,0.669696
0.16,0.28,0.48,0.08,0.598656
0.16,0.28,0.52,0.0399999999999999,0.527616
0.16,0.28,0.56,0,0.456576
0.16,0.32,0,0.52,1.470528
0.16,0.32,0.04,0.48,1.400768
0.16,0.32,0.08,0.44,1.331008
0.16,0.32,0.12,0.4,1.261248
0.16,0.32,0.16,0.36,1.191488
0.16,0.32,0.2,0.32,1.121728
0.16,0.32,0.24,0.28,1.051968
0.16,0.32,0.28,0.24,0.982208
0.16,0.32,0.32,0.2,0.912448
0.16,0.32,0.36,0.16,0.842688
0.16,0.32,0.4,0.12,0.772928
0.16,0.32,0.44,0.08,0.703168
0.16,0.32,0.48,0.04,0.633408
0.16,0.32,0.52,0,0.563648
0.16,0.36,0,0.48,1.478656
0.16,0.36,0.04,0.44,1.410176
0.16,0.36,0.08,0.4,1.341696
0.16,0.36,0.12,0.36,1.273216
0.16,0.36,0.16,0.32,1.204736
0.16,0.36,0.2,0.28,1.136256
0.16,0.36,0.24,0.24,1.067776
0.16,0.36,0.28,0.2,0.999296
0.16,0.36,0.32,0.16,0.930816
0.16,0.36,0.36,0.12,0.862336
0.16,0.36,0.4,0.08,0.793856
0.16,0.36,0.44,0.04,0.725376
0.16,0.36,0.48,0,0.656896
0.16,0.4,0,0.44,1.47552
0.16,0.4,0.04,0.4,1.40832
0.16,0.4,0.08,0.36,1.34112
0.16,0.4,0.12,0.32,1.27392
0.16,0.4,0.16,0.28,1.20672
0.16,0.4,0.2,0.24,1.13952
0.16,0.4,0.24,0.2,1.07232
0.16,0.4,0.28,0.16,1.00512
0.16,0.4,0.32,0.12,0.93792
0.16,0.4,0.36,0.08,0.87072
0.16,0.4,0.4,0.0399999999999999,0.80352
0.16,0.4,0.44,0,0.73632
0.16,0.44,0,0.4,1.46112
0.16,0.44,0.04,0.36,1.3952
0.16,0.44,0.08,0.32,1.32928
0.16,0.44,0.12,0.28,1.26336
0.16,0.44,0.16,0.24,1.19744
0.16,0.44,0.2,0.2,1.13152
0.16,0.44,0.24,0.16,1.0656
0.16,0.44,0.28,0.12,0.99968
0.16,0.44,0.32,0.08,0.93376
0.16,0.44,0.36,0.04,0.86784
0.16,0.44,0.4,0,0.80192
0.16,0.48,0,0.36,1.435456
0.16,0.48,0.04,0.32,1.370816
0.16,0.48,0.08,0.28,1.306176
0.16,0.48,0.12,0.24,1.241536
0.16,0.48,0.16,0.2,1.176896
0.16,0.48,0.2,0.16,1.112256
0.16,0.48,0.24,0.12,1.047616
0.16,0.48,0.28,0.08,0.982976
0.16,0.48,0.32,0.04,0.918336
0.16,0.48,0.36,0,0.853696
0.16,0.52,0,0.32,1.398528
0.16,0.52,0.04,0.28,1.335168
0.16,0.52,0.08,0.24,1.271808
0.16,0.52,0.12,0.2,1.208448
0.16,0.52,0.16,0.16,1.145088
0.16,0.52,0.2,0.12,1.081728
0.16,0.52,0.24,0.08,1.018368
0.16,0.52,0.28,0.0399999999999999,0.955008
0.16,0.52,0.32,0,0.891648
0.16,0.56,0,0.28,1.350336
0.16,0.56,0.04,0.24,1.288256
0.16,0.56,0.08,0.2,1.226176
0.16,0.56,0.12,0.16,1.164096
0.16,0.56,0.16,0.12,1.102016
0.16,0.56,0.2,0.0799999999999999,1.039936
0.16,0.56,0.24,0.0399999999999999,0.977856
0.16,0.56,0.28,0,0.915776
0.16,0.6,0,0.24,1.29088
0.16,0.6,0.04,0.2,1.23008
0.16,0.6,0.08,0.16,1.16928
0.16,0.6,0.12,0.12,1.10848
0.16,0.6,0.16,0.08,1.04768
0.16,0.6,0.2,0.04,0.98688
0.16,0.6,0.24,0,0.92608
0.16,0.64,0,0.2,1.22016
0.16,0.64,0.04,0.16,1.16064
0.16,0.64,0.08,0.12,1.10112
0.16,0.64,0.12,0.08,1.0416
0.16,0.64,0.16,0.04,0.98208
0.16,0.64,0.2,0,0.92256
0.16,0.68,0,0.16,1.138176
0.16,0.68,0.04,0.12,1.079936
0.16,0.68,0.08,0.0799999999999999,1.021696
0.16,0.68,0.12,0.0399999999999999,0.963456
0.16,0.68,0.16,0,0.905216
0.16,0.72,0,0.12,1.044928
0.16,0.72,0.04,0.08,0.987968
0.16,0.72,0.08,0.04,0.931008
0.16,0.72,0.12,0,0.874048
0.16,0.76,0,0.08,0.940416
0.16,0.76,0.04,0.04,0.884736
0.16,0.76,0.08,0,0.829056
0.16,0.8,0,0.0399999999999999,0.82464
0.16,0.8,0.0399999999999999,0,0.77024
0.16,0.84,0,0,0.6976
0.2,0,0,0.8,1
0.2,0,0.04,0.76,0.92
0.2,0,0.08,0.72,0.84
0.2,0,0.12,0.68,0.76
0.2,0,0.16,0.64,0.68
0.2,0,0.2,0.6,0.6
0.2,0,0.24,0.56,0.52
0.2,0,0.28,0.52,0.44
0.2,0,0.32,0.48,0.36
0.2,0,0.36,0.44,0.28
0.2,0,0.4,0.4,0.2
0.2,0,0.44,0.36,0.12
0.2,0,0.48,0.32,0.0400000000000001
0.2,0,0.52,0.28,-0.04
0.2,0,0.56,0.24,-0.12
0.2,0,0.6,0.2,-0.2
0.2,0,0.64,0.16,-0.28
0.2,0,0.68,0.12,-0.36
0.2,0,0.72,0.0800000000000001,-0.44
0.2,0,0.76,0.04,-0.52
0.2,0,0.8,0,-0.6
0.2,0.04,0,0.76,1.12576
0.2,0.04,0.04,0.72,1.04736
0.2,0.04,0.08,0.68,0.96896
0.2,0.04,0.12,0.64,0.89056
0.2,0.04,0.16,0.6,0.81216
0.2,0.04,0.2,0.56,0.73376
0.2,0.04,0.24,0.52,0.65536
0.2,0.04,0.28,0.48,0.57696
0.2,0.04,0.32,0.44,0.49856
0.2,0.04,0.36,0.4,0.42016
0.2,0.04,0.4,0.36,0.34176
0.2,0.04,0.44,0.32,0.26336
0.2,0.04,0.48,0.28,0.18496
0.2,0.04,0.52,0.24,0.10656
0.2,0.04,0.56,0.2,0.0281599999999999
0.2,0.04,0.6,0.16,-0.0502399999999999
0.2,0.04,0.64,0.12,-0.12864
0.2,0.04,0.68,0.08,-0.20704
0.2,0.04,0.72,0.04,-0.28544
0.2,0.04,0.76,0,-0.36384
0.2,0.08,0,0.72,1.23744
0.2,0.08,0.04,0.68,1.16064
0.2,0.08,0.08,0.64,1.08384
0.2,0.08,0.12,0.6,1.00704
0.2,0.08,0.16,0.56,0.93024
0.2,0.08,0.2,0.52,0.85344
0.2,0.08,0.24,0.48,0.77664
0.2,0.08,0.28,0.44,0.69984
0.2,0.08,0.32,0.4,0.62304
0.2,0.08,0.36,0.36,0.54624
0.2,0.08,0.4,0.32,0.46944
0.2,0.08,0.44,0.28,0.39264
0.2,0.08,0.48,0.24,0.31584
0.2,0.08,0.52,0.2,0.23904
0.2,0.08,0.56,0.16,0.16224
0.2,0.08,0.6,0.12,0.0854400000000002
0.2,0.08,0.64,0.0800000000000001,0.00864000000000016
0.2,0.08,0.68,0.04,-0.0681599999999999
0.2,0.08,0.72,1.11022302462516e-16,-0.14496
0.2,0.12,0,0.68,1.33504
0.2,0.12,0.04,0.64,1.25984
0.2,0.12,0.08,0.6,1.18464
0.2,0.12,0.12,0.56,1.10944
0.2,0.12,0.16,0.52,1.03424
0.2,0.12,0.2,0.48,0.95904
0.2,0.12,0.24,0.44,0.88384
0.2,0.12,0.28,0.4,0.80864
0.2,0.12,0.32,0.36,0.73344
0.2,0.12,0.36,0.32,0.65824
0.2,0.12,0.4,0.28,0.58304
0.2,0.12,0.44,0.24,0.50784
0.2,0.12,0.48,0.2,0.43264
0.2,0.12,0.52,0.16,0.35744
0.2,0.12,0.56,0.12,0.28224
0.2,0.12,0.6,0.0800000000000001,0.20704
0.2,0.12,0.64,0.04,0.13184
0.2,0.12,0.68,0,0.05664
0.2,0.16,0,0.64,1.41856
0.2,0.16,0.04,0.6,1.34496
0.2,0.16,0.08,0.56,1.27136
0.2,0.16,0.12,0.52,1.19776
0.2,0.16,0.16,0.48,1.12416
0.2,0.16,0.2,0.44,1.05056
0.2,0.16,0.24,0.4,0.97696
0.2,0.16,0.28,0.36,0.90336
0.2,0.16,0.32,0.32,0.82976
0.2,0.16,0.36,0.28,0.75616
0.2,0.16,0.4,0.24,0.68256
0.2,0.16,0.44,0.2,0.60896
0.2,0.16,0.48,0.16,0.53536
0.2,0.16,0.52,0.12,0.46176
0.2,0.16,0.56,0.08,0.38816
0.2,0.16,0.6,0.04,0.31456
0.2,0.16,0.64,0,0.24096
0.2,0.2,0,0.6,1.488
0.2,0.2,0.04,0.56,1.416
0.2,0.2,0.08,0.52,1.344
0.2,0.2,0.12,0.48,1.272
0.2,0.2,0.16,0.44,1.2
0.2,0.2,0.2,0.4,1.128
0.2,0.2,0.24,0.36,1.056
0.2,0.2,0.28,0.32,0.984
0.2,0.2,0.32,0.28,0.912
0.2,0.2,0.36,0.24,0.84
0.2,0.2,0.4,0.2,0.768
0.2,0.2,0.44,0.16,0.696
0.2,0.2,0.48,0.12,0.624
0.2,0.2,0.52,0.0800000000000001,0.552
0.2,0.2,0.56,0.04,0.48
0.2,0.2,0.6,1.11022302462516e-16,0.408
0.2,0.24,0,0.56,1.54336
0.2,0.24,0.04,0.52,1.47296
0.2,0.24,0.08,0.48,1.40256
0.2,0.24,0.12,0.44,1.33216
0.2,0.24,0.16,0.4,1.26176
0.2,0.24,0.2,0.36,1.19136
0.2,0.24,0.24,0.32,1.12096
0.2,0.24,0.28,0.28,1.05056
0.2,0.24,0.32,0.24,0.98016
0.2,0.24,0.36,0.2,0.90976
0.2,0.24,0.4,0.16,0.83936
0.2,0.24,0.44,0.12,0.76896
0.2,0.24,0.48,0.0800000000000001,0.69856
0.2,0.24,0.52,0.04,0.62816
0.2,0.24,0.56,0,0.55776
0.2,0.28,0,0.52,1.58464
0.2,0.28,0.04,0.48,1.51584
0.2,0.28,0.08,0.44,1.44704
0.2,0.28,0.12,0.4,1.37824
0.2,0.28,0.16,0.36,1.30944
0.2,0.28,0.2,0.32,1.24064
0.2,0.28,0.24,0.28,1.17184
0.2,0.28,0.28,0.24,1.10304
0.2,0.28,0.32,0.2,1.03424
0.2,0.28,0.36,0.16,0.96544
0.2,0.28,0.4,0.12,0.89664
0.2,0.28,0.44,0.08,0.82784
0.2,0.28,0.48,0.04,0.75904
0.2,0.28,0.52,0,0.69024
0.2,0.32,0,0.48,1.61184
0.2,0.32,0.04,0.44,1.54464
0.2,0.32,0.08,0.4,1.47744
0.2,0.32,0.12,0.36,1.41024
0.2,0.32,0.16,0.32,1.34304
0.2,0.32,0.2,0.28,1.27584
0.2,0.32,0.24,0.24,1.20864
0.2,0.32,0.28,0.2,1.14144
0.2,0.32,0.32,0.16,1.07424
0.2,0.32,0.36,0.12,1.00704
0.2,0.32,0.4,0.08,0.93984
0.2,0.32,0.44,0.04,0.87264
0.2,0.32,0.48,5.55111512312578e-17,0.80544
0.2,0.36,0,0.44,1.62496
0.2,0.36,0.04,0.4,1.55936
0.2,0.36,0.08,0.36,1.49376
0.2,0.36,0.12,0.32,1.42816
0.2,0.36,0.16,0.28,1.36256
0.2,0.36,0.2,0.24,1.29696
0.2,0.36,0.24,0.2,1.23136
0.2,0.36,0.28,0.16,1.16576
0.2,0.36,0.32,0.12,1.10016
0.2,0.36,0.36,0.0800000000000001,1.03456
0.2,0.36,0.4,0.04,0.96896
0.2,0.36,0.44,5.55111512312578e-17,0.90336
0.2,0.4,0,0.4,1.624
0.2,0.4,0.04,0.36,1.56
0.2,0.4,0.08,0.32,1.496
0.2,0.4,0.12,0.28,1.432
0.2,0.4,0.16,0.24,1.368
0.2,0.4,0.2,0.2,1.304
0.2,0.4,0.24,0.16,1.24
0.2,0.4,0.28,0.12,1.176
0.2,0.4,0.32,0.08,1.112
0.2,0.4,0.36,0.04,1.048
0.2,0.4,0.4,0,0.984
0.2,0.44,0,0.36,1.60896
0.2,0.44,0.04,0.32,1.54656
0.2,0.44,0.08,0.28,1.48416
0.2,0.44,0.12,0.24,1.42176
0.2,0.44,0.16,0.2,1.35936
0.2,0.44,0.2,0.16,1.29696
0.2,0.44,0.24,0.12,1.23456
0.2,0.44,0.28,0.08,1.17216
0.2,0.44,0.32,0.04,1.10976
0.2,0.44,0.36,5.55111512312578e-17,1.04736
0.2,0.48,0,0.32,1.57984
0.2,0.48,0.04,0.28,1.51904
0.2,0.48,0.08,0.24,1.45824
0.2,0.48,0.12,0.2,1.39744
0.2,0.48,0.16,0.16,1.33664
0.2,0.48,0.2,0.12,1.27584
0.2,0.48,0.24,0.0800000000000001,1.21504
0.2,0.48,0.28,0.04,1.15424
0.2,0.48,0.32,5.55111512312578e-17,1.09344
0.2,0.52,0,0.28,1.53664
0.2,0.52,0.04,0.24,1.47744
0.2,0.52,0.08,0.2,1.41824
0.2,0.52,0.12,0.16,1.35904
0.2,0.52,0.16,0.12,1.29984
0.2,0.52,0.2,0.08,1.24064
0.2,0.52,0.24,0.04,1.18144
0.2,0.52,0.28,0,1.12224
0.2,0.56,0,0.24,1.47936
0.2,0.56,0.04,0.2,1.42176
0.2,0.56,0.08,0.16,1.36416
0.2,0.56,0.12,0.12,1.30656
0.2,0.56,0.16,0.08,1.24896
0.2,0.56,0.2,0.04,1.19136
0.2,0.56,0.24,0,1.13376
0.2,0.6,0,0.2,1.408
0.2,0.6,0.04,0.16,1.352
0.2,0.6,0.08,0.12,1.296
0.2,0.6,0.12,0.0800000000000001,1.24
0.2,0.6,0.16,0.0400000000000001,1.184
0.2,0.6,0.2,5.55111512312578e-17,1.128
0.2,0.64,0,0.16,1.32256
0.2,0.64,0.04,0.12,1.26816
0.2,0.64,0.08,0.08,1.21376
0.2,0.64,0.12,0.04,1.15936
0.2,0.64,0.16,2.77555756156289e-17,1.10496
0.2,0.68,0,0.12,1.22304
0.2,0.68,0.04,0.08,1.17024
0.2,0.68,0.08,0.04,1.11744
0.2,0.68,0.12,0,1.06464
0.2,0.72,0,0.0800000000000001,1.10944
0.2,0.72,0.04,0.0400000000000001,1.05824
0.2,0.72,0.08,6.93889390390723e-17,1.00704
0.2,0.76,0,0.04,0.98176
0.2,0.76,0.04,3.46944695195361e-17,0.93216
0.2,0.8,0,0,0.84
0.24,0,0,0.76,1
0.24,0,0.04,0.72,0.92
0.24,0,0.08,0.68,0.84
0.24,0,0.12,0.64,0.76
0.24,0,0.16,0.6,0.68
0.24,0,0.2,0.56,0.6
0.24,0,0.24,0.52,0.52
0.24,0,0.28,0.48,0.44
0.24,0,0.32,0.44,0.36
0.24,0,0.36,0.4,0.28
0.24,0,0.4,0.36,0.2
0.24,0,0.44,0.32,0.12
0.24,0,0.48,0.28,0.04
0.24,0,0.52,0.24,-0.04
0.24,0,0.56,0.2,-0.12
0.24,0,0.6,0.16,-0.2
0.24,0,0.64,0.12,-0.28
0.24,0,0.68,0.08,-0.36
0.24,0,0.72,0.04,-0.44
0.24,0,0.76,0,-0.52
0.24,0.04,0,0.72,1.150464
0.24,0.04,0.04,0.68,1.072384
0.24,0.04,0.08,0.64,0.994304
0.24,0.04,0.12,0.6,0.916224
0.24,0.04,0.16,0.56,0.838144
0.24,0.04,0.2,0.52,0.760064
0.24,0.04,0.24,0.48,0.681984
0.24,0.04,0.28,0.44,0.603904
0.24,0.04,0.32,0.4,0.525824
0.24,0.04,0.36,0.36,0.447744
0.24,0.04,0.4,0.32,0.369664
0.24,0.04,0.44,0.28,0.291584
0.24,0.04,0.48,0.24,0.213504
0.24,0.04,0.52,0.2,0.135424
0.24,0.04,0.56,0.16,0.0573439999999998
0.24,0.04,0.6,0.12,-0.020736
0.24,0.04,0.64,0.08,-0.0988160000000001
0.24,0.04,0.68,0.0399999999999999,-0.176896
0.24,0.04,0.72,0,-0.254976
0.24,0.08,0,0.68,1.284032
0.24,0.08,0.04,0.64,1.207872
0.24,0.08,0.08,0.6,1.131712
0.24,0.08,0.12,0.56,1.055552
0.24,0.08,0.16,0.52,0.979392
0.24,0.08,0.2,0.48,0.903232
0.24,0.08,0.24,0.44,0.827072
0.24,0.08,0.28,0.4,0.750912
0.24,0.08,0.32,0.36,0.674752
0.24,0.08,0.36,0.32,0.598592
0.24,0.08,0.4,0.28,0.522432
0.24,0.08,0.44,0.24,0.446272
0.24,0.08,0.48,0.2,0.370112
0.24,0.08,0.52,0.16,0.293952
0.24,0.08,0.56,0.12,0.217792
0.24,0.08,0.6,0.0800000000000001,0.141632
0.24,0.08,0.64,0.04,0.065472
0.24,0.08,0.68,0,-0.0106880000000001
0.24,0.12,0,0.64,1.400704
0.24,0.12,0.04,0.6,1.326464
0.24,0.12,0.08,0.56,1.252224
0.24,0.12,0.12,0.52,1.177984
0.24,0.12,0.16,0.48,1.103744
0.24,0.12,0.2,0.44,1.029504
0.24,0.12,0.24,0.4,0.955264
0.24,0.12,0.28,0.36,0.881024
0.24,0.12,0.32,0.32,0.806784
0.24,0.12,0.36,0.28,0.732544
0.24,0.12,0.4,0.24,0.658304
0.24,0.12,0.44,0.2,0.584064
0.24,0.12,0.48,0.16,0.509824
0.24,0.12,0.52,0.12,0.435584
0.24,0.12,0.56,0.08,0.361344
0.24,0.12,0.6,0.04,0.287104
0.24,0.12,0.64,0,0.212864
0.24,0.16,0,0.6,1.50048
0.24,0.16,0.04,0.56,1.42816
0.24,0.16,0.08,0.52,1.35584
0.24,0.16,0.12,0.48,1.28352
0.24,0.16,0.16,0.44,1.2112
0.24,0.16,0.2,0.4,1.13888
0.24,0.16,0.24,0.36,1.06656
0.24,0.16,0.28,0.32,0.99424
0.24,0.16,0.32,0.28,0.92192
0.24,0.16,0.36,0.24,0.8496
0.24,0.16,0.4,0.2,0.77728
0.24,0.16,0.44,0.16,0.70496
0.24,0.16,0.48,0.12,0.63264
0.24,0.16,0.52,0.08,0.56032
0.24,0.16,0.56,0.0399999999999999,0.488
0.24,0.16,0.6,0,0.41568
0.24,0.2,0,0.56,1.58336
0.24,0.2,0.04,0.52,1.51296
0.24,0.2,0.08,0.48,1.44256
0.24,0.2,0.12,0.44,1.37216
0.24,0.2,0.16,0.4,1.30176
0.24,0.2,0.2,0.36,1.23136
0.24,0.2,0.24,0.32,1.16096
0.24,0.2,0.28,0.28,1.09056
0.24,0.2,0.32,0.24,1.02016
0.24,0.2,0.36,0.2,0.94976
0.24,0.2,0.4,0.16,0.87936
0.24,0.2,0.44,0.12,0.80896
0.24,0.2,0.48,0.0800000000000001,0.73856
0.24,0.2,0.52,0.04,0.66816
0.24,0.2,0.56,0,0.59776
0.24,0.24,0,0.52,1.649344
0.24,0.24,0.04,0.48,1.580864
0.24,0.24,0.08,0.44,1.512384
0.24,0.24,0.12,0.4,1.443904
0.24,0.24,0.16,0.36,1.375424
0.24,0.24,0.2,0.32,1.306944
0.24,0.24,0.24,0.28,1.238464
0.24,0.24,0.28,0.24,1.169984
0.24,0.24,0.32,0.2,1.101504
0.24,0.24,0.36,0.16,1.033024
0.24,0.24,0.4,0.12,0.964544
0.24,0.24,0.44,0.08,0.896064
0.24,0.24,0.48,0.04,0.827584
0.24,0.24,0.52,0,0.759104
0.24,0.28,0,0.48,1.698432
0.24,0.28,0.04,0.44,1.631872
0.24,0.28,0.08,0.4,1.565312
0.24,0.28,0.12,0.36,1.498752
0.24,0.28,0.16,0.32,1.432192
0.24,0.28,0.2,0.28,1.365632
0.24,0.28,0.24,0.24,1.299072
0.24,0.28,0.28,0.2,1.232512
0.24,0.28,0.32,0.16,1.165952
0.24,0.28,0.36,0.12,1.099392
0.24,0.28,0.4,0.08,1.032832
0.24,0.28,0.44,0.04,0.966272
0.24,0.28,0.48,0,0.899712
0.24,0.32,0,0.44,1.730624
0.24,0.32,0.04,0.4,1.665984
0.24,0.32,0.08,0.36,1.601344
0.24,0.32,0.12,0.32,1.536704
0.24,0.32,0.16,0.28,1.472064
0.24,0.32,0.2,0.24,1.407424
0.24,0.32,0.24,0.2,1.342784
0.24,0.32,0.28,0.16,1.278144
0.24,0.32,0.32,0.12,1.213504
0.24,0.32,0.36,0.08,1.148864
0.24,0.32,0.4,0.04,1.084224
0.24,0.32,0.44,0,1.019584
0.24,0.36,0,0.4,1.74592
0.24,0.36,0.04,0.36,1.6832
0.24,0.36,0.08,0.32,1.62048
0.24,0.36,0.12,0.28,1.55776
0.24,0.36,0.16,0.24,1.49504
0.24,0.36,0.2,0.2,1.43232
0.24,0.36,0.24,0.16,1.3696
0.24,0.36,0.28,0.12,1.30688
0.24,0.36,0.32,0.08,1.24416
0.24,0.36,0.36,0.04,1.18144
0.24,0.36,0.4,0,1.11872
0.24,0.4,0,0.36,1.74432
0.24,0.4,0.04,0.32,1.68352
0.24,0.4,0.08,0.28,1.62272
0.24,0.4,0.12,0.24,1.56192
0.24,0.4,0.16,0.2,1.50112
0.24,0.4,0.2,0.16,1.44032
0.24,0.4,0.24,0.12,1.37952
0.24,0.4,0.28,0.08,1.31872
0.24,0.4,0.32,0.04,1.25792
0.24,0.4,0.36,0,1.19712
0.24,0.44,0,0.32,1.725824
0.24,0.44,0.04,0.28,1.666944
0.24,0.44,0.08,0.24,1.608064
0.24,0.44,0.12,0.2,1.549184
0.24,0.44,0.16,0.16,1.490304
0.24,0.44,0.2,0.12,1.431424
0.24,0.44,0.24,0.08,1.372544
0.24,0.44,0.28,0.04,1.313664
0.24,0.44,0.32,0,1.254784
0.24,0.48,0,0.28,1.690432
0.24,0.48,0.04,0.24,1.633472
0.24,0.48,0.08,0.2,1.576512
0.24,0.48,0.12,0.16,1.519552
0.24,0.48,0.16,0.12,1.462592
0.24,0.48,0.2,0.08,1.405632
0.24,0.48,0.24,0.04,1.348672
0.24,0.48,0.28,0,1.291712
0.24,0.52,0,0.24,1.638144
0.24,0.52,0.04,0.2,1.583104
0.24,0.52,0.08,0.16,1.528064
0.24,0.52,0.12,0.12,1.473024
0.24,0.52,0.16,0.08,1.417984
0.24,0.52,0.2,0.04,1.362944
0.24,0.52,0.24,0,1.307904
0.24,0.56,0,0.2,1.56896
0.24,0.56,0.04,0.16,1.51584
0.24,0.56,0.08,0.12,1.46272
0.24,0.56,0.12,0.08,1.4096
0.24,0.56,0.16,0.04,1.35648
0.24,0.56,0.2,0,1.30336
0.24,0.6,0,0.16,1.48288
0.24,0.6,0.04,0.12,1.43168
0.24,0.6,0.08,0.08,1.38048
0.24,0.6,0.12,0.04,1.32928
0.24,0.6,0.16,2.77555756156289e-17,1.27808
0.24,0.64,0,0.12,1.379904
0.24,0.64,0.04,0.08,1.330624
0.24,0.64,0.08,0.04,1.281344
0.24,0.64,0.12,0,1.232064
0.24,0.68,0,0.08,1.260032
0.24,0.68,0.04,0.04,1.212672
0.24,0.68,0.08,0,1.165312
0.24,0.72,0,0.04,1.123264
0.24,0.72,0.04,3.46944695195361e-17,1.077824
0.24,0.76,0,0,0.9696
0.28,0,0,0.72,1
0.28,0,0.04,0.68,0.92
0.28,0,0.08,0.64,0.84
0.28,0,0.12,0.6,0.76
0.28,0,0.16,0.56,0.68
0.28,0,0.2,0.52,0.6
0.28,0,0.24,0.48,0.52
0.28,0,0.28,0.44,0.44
0.28,0,0.32,0.4,0.36
0.28,0,0.36,0.36,0.28
0.28,0,0.4,0.32,0.2
0.28,0,0.44,0.28,0.12
0.28,0,0.48,0.24,0.04
0.28,0,0.52,0.2,-0.04
0.28,0,0.56,0.16,-0.12
0.28,0,0.6,0.12,-0.2
0.28,0,0.64,0.08,-0.28
0.28,0,0.68,0.0399999999999999,-0.36
0.28,0,0.72,0,-0.44
0.28,0.04,0,0.68,1.172352
0.28,0.04,0.04,0.64,1.094592
0.28,0.04,0.08,0.6,1.016832
0.28,0.04,0.12,0.56,0.939072
0.28,0.04,0.16,0.52,0.861312
0.28,0.04,0.2,0.48,0.783552
0.28,0.04,0.24,0.44,0.705792
0.28,0.04,0.28,0.4,0.628032
0.28,0.04,0.32,0.36,0.550272
0.28,0.04,0.36,0.32,0.472512
0.28,0.04,0.4,0.28,0.394752
0.28,0.04,0.44,0.24,0.316992
0.28,0.04,0.48,0.2,0.239232
0.28,0.04,0.52,0.16,0.161472
0.28,0.04,0.56,0.12,0.0837119999999999
0.28,0.04,0.6,0.08,0.005952
0.28,0.04,0.64,0.0399999999999999,-0.0718080000000001
0.28,0.04,0.68,0,-0.149568
0.28,0.08,0,0.64,1.324992
0.28,0.08,0.04,0.6,1.249472
0.28,0.08,0.08,0.56,1.173952
0.28,0.08,0.12,0.52,1.098432
0.28,0.08,0.16,0.48,1.022912
0.28,0.08,0.2,0.44,0.947392
0.28,0.08,0.24,0.4,0.871872
0.28,0.08,0.28,0.36,0.796352
0.28,0.08,0.32,0.32,0.720832
0.28,0.08,0.36,0.28,0.645312
0.28,0.08,0.4,0.24,0.569792
0.28,0.08,0.44,0.2,0.494272
0.28,0.08,0.48,0.16,0.418752
0.28,0.08,0.52,0.12,0.343232
0.28,0.08,0.56,0.08,0.267712
0.28,0.08,0.6,0.04,0.192192
0.28,0.08,0.64,0,0.116672
0.28,0.12,0,0.6,1.45792
0.28,0.12,0.04,0.56,1.38464
0.28,0.12,0.08,0.52,1.31136
0.28,0.12,0.12,0.48,1.23808
0.28,0.12,0.16,0.44,1.1648
0.28,0.12,0.2,0.4,1.09152
0.28,0.12,0.24,0.36,1.01824
0.28,0.12,0.28,0.32,0.94496
0.28,0.12,0.32,0.28,0.87168
0.28,0.12,0.36,0.24,0.7984
0.28,0.12,0.4,0.2,0.72512
0.28,0.12,0.44,0.16,0.65184
0.28,0.12,0.48,0.12,0.57856
0.28,0.12,0.52,0.08,0.50528
0.28,0.12,0.56,0.0399999999999999,0.432
0.28,0.12,0.6,0,0.35872
0.28,0.16,0,0.56,1.571136
0.28,0.16,0.04,0.52,1.500096
0.28,0.16,0.08,0.48,1.429056
0.28,0.16,0.12,0.44,1.358016
0.28,0.16,0.16,0.4,1.286976
0.28,0.16,0.2,0.36,1.215936
0.28,0.16,0.24,0.32,1.144896
0.28,0.16,0.28,0.28,1.073856
0.28,0.16,0.32,0.24,1.002816
0.28,0.16,0.36,0.2,0.931776
0.28,0.16,0.4,0.16,0.860736
0.28,0.16,0.44,0.12,0.789696
0.28,0.16,0.48,0.08,0.718656
0.28,0.16,0.52,0.0399999999999999,0.647616
0.28,0.16,0.56,0,0.576576
0.28,0.2,0,0.52,1.66464
0.28,0.2,0.04,0.48,1.59584
0.28,0.2,0.08,0.44,1.52704
0.28,0.2,0.12,0.4,1.45824
0.28,0.2,0.16,0.36,1.38944
0.28,0.2,0.2,0.32,1.32064
0.28,0.2,0.24,0.28,1.25184
0.28,0.2,0.28,0.24,1.18304
0.28,0.2,0.32,0.2,1.11424
0.28,0.2,0.36,0.16,1.04544
0.28,0.2,0.4,0.12,0.97664
0.28,0.2,0.44,0.08,0.90784
0.28,0.2,0.48,0.04,0.83904
0.28,0.2,0.52,0,0.77024
0.28,0.24,0,0.48,1.738432
0.28,0.24,0.04,0.44,1.671872
0.28,0.24,0.08,0.4,1.605312
0.28,0.24,0.12,0.36,1.538752
0.28,0.24,0.16,0.32,1.472192
0.28,0.24,0.2,0.28,1.405632
0.28,0.24,0.24,0.24,1.339072
0.28,0.24,0.28,0.2,1.272512
0.28,0.24,0.32,0.16,1.205952
0.28,0.24,0.36,0.12,1.139392
0.28,0.24,0.4,0.08,1.072832
0.28,0.24,0.44,0.04,1.006272
0.28,0.24,0.48,0,0.939712
0.28,0.28,0,0.44,1.792512
0.28,0.28,0.04,0.4,1.728192
0.28,0.28,0.08,0.36,1.663872
0.28,0.28,0.12,0.32,1.599552
0.28,0.28,0.16,0.28,1.535232
0.28,0.28,0.2,0.24,1.470912
0.28,0.28,0.24,0.2,1.406592
0.28,0.28,0.28,0.16,1.342272
0.28,0.28,0.32,0.12,1.277952
0.28,0.28,0.36,0.08,1.213632
0.28,0.28,0.4,0.0399999999999999,1.149312
0.28,0.28,0.44,0,1.084992
0.28,0.32,0,0.4,1.82688
0.28,0.32,0.04,0.36,1.7648
0.28,0.32,0.08,0.32,1.70272
0.28,0.32,0.12,0.28,1.64064
0.28,0.32,0.16,0.24,1.57856
0.28,0.32,0.2,0.2,1.51648
0.28,0.32,0.24,0.16,1.4544
0.28,0.32,0.28,0.12,1.39232
0.28,0.32,0.32,0.08,1.33024
0.28,0.32,0.36,0.04,1.26816
0.28,0.32,0.4,0,1.20608
0.28,0.36,0,0.36,1.841536
0.28,0.36,0.04,0.32,1.781696
0.28,0.36,0.08,0.28,1.721856
0.28,0.36,0.12,0.24,1.662016
0.28,0.36,0.16,0.2,1.602176
0.28,0.36,0.2,0.16,1.542336
0.28,0.36,0.24,0.12,1.482496
0.28,0.36,0.28,0.08,1.422656
0.28,0.36,0.32,0.04,1.362816
0.28,0.36,0.36,0,1.302976
0.28,0.4,0,0.32,1.83648
0.28,0.4,0.04,0.28,1.77888
0.28,0.4,0.08,0.24,1.72128
0.28,0.4,0.12,0.2,1.66368
0.28,0.4,0.16,0.16,1.60608
0.28,0.4,0.2,0.12,1.54848
0.28,0.4,0.24,0.08,1.49088
0.28,0.4,0.28,0.0399999999999999,1.43328
0.28,0.4,0.32,0,1.37568
0.28,0.44,0,0.28,1.811712
0.28,0.44,0.04,0.24,1.756352
0.28,0.44,0.08,0.2,1.700992
0.28,0.44,0.12,0.16,1.645632
0.28,0.44,0.16,0.12,1.590272
0.28,0.44,0.2,0.08,1.534912
0.28,0.44,0.24,0.04,1.479552
0.28,0.44,0.28,0,1.424192
0.28,0.48,0,0.24,1.767232
0.28,0.48,0.04,0.2,1.714112
0.28,0.48,0.08,0.16,1.660992
0.28,0.48,0.12,0.12,1.607872
0.28,0.48,0.16,0.08,1.554752
0.28,0.48,0.2,0.04,1.501632
0.28,0.48,0.24,0,1.448512
0.28,0.52,0,0.2,1.70304
0.28,0.52,0.04,0.16,1.65216
0.28,0.52,0.08,0.12,1.60128
0.28,0.52,0.12,0.08,1.5504
0.28,0.52,0.16,0.04,1.49952
0.28,0.52,0.2,0,1.44864
0.28,0.56,0,0.16,1.619136
0.28,0.56,0.04,0.12,1.570496
0.28,0.56,0.08,0.0799999999999999,1.521856
0.28,0.56,0.12,0.0399999999999999,1.473216
0.28,0.56,0.16,0,1.424576
0.28,0.6,0,0.12,1.51552
0.28,0.6,0.04,0.08,1.46912
0.28,0.6,0.08,0.04,1.42272
0.28,0.6,0.12,0,1.37632
0.28,0.64,0,0.08,1.392192
0.28,0.64,0.04,0.04,1.348032
0.28,0.64,0.08,0,1.303872
0.28,0.68,0,0.0399999999999999,1.249152
0.28,0.68,0.0399999999999999,0,1.207232
0.28,0.72,0,0,1.0864
0.32,0,0,0.68,1
0.32,0,0.04,0.64,0.92
0.32,0,0.08,0.6,0.84
0.32,0,0.12,0.56,0.76
0.32,0,0.16,0.52,0.68
0.32,0,0.2,0.48,0.6
0.32,0,0.24,0.44,0.52
0.32,0,0.28,0.4,0.44
0.32,0,0.32,0.36,0.36
0.32,0,0.36,0.32,0.28
0.32,0,0.4,0.28,0.2
0.32,0,0.44,0.24,0.12
0.32,0,0.48,0.2,0.04
0.32,0,0.52,0.16,-0.0400000000000001
0.32,0,0.56,0.12,-0.12
0.32,0,0.6,0.08,-0.2
0.32,0,0.64,0.0399999999999999,-0.28
0.32,0,0.68,0,-0.36
0.32,0.04,0,0.64,1.191424
0.32,0.04,0.04,0.6,1.113984
0.32,0.04,0.08,0.56,1.036544
0.32,0.04,0.12,0.52,0.959104
0.32,0.04,0.16,0.48,0.881664
0.32,0.04,0.2,0.44,0.804224
0.32,0.04,0.24,0.4,0.726784
0.32,0.04,0.28,0.36,0.649344
0.32,0.04,0.32,0.32,0.571904
0.32,0.04,0.36,0.28,0.494464
0.32,0.04,0.4,0.24,0.417024
0.32,0.04,0.44,0.2,0.339584
0.32,0.04,0.48,0.16,0.262144
0.32,0.04,0.52,0.12,0.184704
0.32,0.04,0.56,0.0799999999999998,0.107264
0.32,0.04,0.6,0.0399999999999999,0.0298239999999999
0.32,0.04,0.64,0,-0.0476159999999999
0.32,0.08,0,0.6,1.36032
0.32,0.08,0.04,0.56,1.28544
0.32,0.08,0.08,0.52,1.21056
0.32,0.08,0.12,0.48,1.13568
0.32,0.08,0.16,0.44,1.0608
0.32,0.08,0.2,0.4,0.98592
0.32,0.08,0.24,0.36,0.91104
0.32,0.08,0.28,0.32,0.83616
0.32,0.08,0.32,0.28,0.76128
0.32,0.08,0.36,0.24,0.6864
0.32,0.08,0.4,0.2,0.61152
0.32,0.08,0.44,0.16,0.53664
0.32,0.08,0.48,0.12,0.46176
0.32,0.08,0.52,0.08,0.38688
0.32,0.08,0.56,0.0399999999999999,0.312
0.32,0.08,0.6,0,0.23712
0.32,0.12,0,0.56,1.506688
0.32,0.12,0.04,0.52,1.434368
0.32,0.12,0.08,0.48,1.362048
0.32,0.12,0.12,0.44,1.289728
0.32,0.12,0.16,0.4,1.217408
0.32,0.12,0.2,0.36,1.145088
0.32,0.12,0.24,0.32,1.072768
0.32,0.12,0.28,0.28,1.000448
0.32,0.12,0.32,0.24,0.928128
0.32,0.12,0.36,0.2,0.855808
0.32,0.12,0.4,0.16,0.783488
0.32,0.12,0.44,0.12,0.711168
0.32,0.12,0.48,0.08,0.638848
0.32,0.12,0.52,0.0399999999999999,0.566528
0.32,0.12,0.56,0,0.494208
0.32,0.16,0,0.52,1.630528
0.32,0.16,0.04,0.48,1.560768
0.32,0.16,0.08,0.44,1.491008
0.32,0.16,0.12,0.4,1.421248
0.32,0.16,0.16,0.36,1.351488
0.32,0.16,0.2,0.32,1.281728
0.32,0.16,0.24,0.28,1.211968
0.32,0.16,0.28,0.24,1.142208
0.32,0.16,0.32,0.2,1.072448
0.32,0.16,0.36,0.16,1.002688
0.32,0.16,0.4,0.12,0.932928
0.32,0.16,0.44,0.0799999999999999,0.863168
0.32,0.16,0.48,0.0399999999999999,0.793408
0.32,0.16,0.52,0,0.723648
0.32,0.2,0,0.48,1.73184
0.32,0.2,0.04,0.44,1.66464
0.32,0.2,0.08,0.4,1.59744
0.32,0.2,0.12,0.36,1.53024
0.32,0.2,0.16,0.32,1.46304
0.32,0.2,0.2,0.28,1.39584
0.32,0.2,0.24,0.24,1.32864
0.32,0.2,0.28,0.2,1.26144
0.32,0.2,0.32,0.16,1.19424
0.32,0.2,0.36,0.12,1.12704
0.32,0.2,0.4,0.0799999999999999,1.05984
0.32,0.2,0.44,0.0399999999999999,0.99264
0.32,0.2,0.48,0,0.92544
0.32,0.24,0,0.44,1.810624
0.32,0.24,0.04,0.4,1.745984
0.32,0.24,0.08,0.36,1.681344
0.32,0.24,0.12,0.32,1.616704
0.32,0.24,0.16,0.28,1.552064
0.32,0.24,0.2,0.24,1.487424
0.32,0.24,0.24,0.2,1.422784
0.32,0.24,0.28,0.16,1.358144
0.32,0.24,0.32,0.12,1.293504
0.32,0.24,0.36,0.08,1.228864
0.32,0.24,0.4,0.0399999999999999,1.164224
0.32,0.24,0.44,0,1.099584
0.32,0.28,0,0.4,1.86688
0.32,0.28,0.04,0.36,1.8048
0.32,0.28,0.08,0.32,1.74272
0.32,0.28,0.12,0.28,1.68064
0.32,0.28,0.16,0.24,1.61856
0.32,0.28,0.2,0.2,1.55648
0.32,0.28,0.24,0.16,1.4944
0.32,0.28,0.28,0.12,1.43232
0.32,0.28,0.32,0.0799999999999999,1.37024
0.32,0.28,0.36,0.0399999999999999,1.30816
0.32,0.28,0.4,0,1.24608
0.32,0.32,0,0.36,1.900608
0.32,0.32,0.04,0.32,1.841088
0.32,0.32,0.08,0.28,1.781568
0.32,0.32,0.12,0.24,1.722048
0.32,0.32,0.16,0.2,1.662528
0.32,0.32,0.2,0.16,1.603008
0.32,0.32,0.24,0.12,1.543488
0.32,0.32,0.28,0.0799999999999999,1.483968
0.32,0.32,0.32,0.0399999999999999,1.424448
0.32,0.32,0.36,0,1.364928
0.32,0.36,0,0.32,1.911808
0.32,0.36,0.04,0.28,1.854848
0.32,0.36,0.08,0.24,1.797888
0.32,0.36,0.12,0.2,1.740928
0.32,0.36,0.16,0.16,1.683968
0.32,0.36,0.2,0.12,1.627008
0.32,0.36,0.24,0.08,1.570048
0.32,0.36,0.28,0.0399999999999999,1.513088
0.32,0.36,0.32,0,1.456128
0.32,0.4,0,0.28,1.90048
0.32,0.4,0.04,0.24,1.84608
0.32,0.4,0.08,0.2,1.79168
0.32,0.4,0.12,0.16,1.73728
0.32,0.4,0.16,0.12,1.68288
0.32,0.4,0.2,0.0799999999999999,1.62848
0.32,0.4,0.24,0.0399999999999999,1.57408
0.32,0.4,0.28,0,1.51968
0.32,0.44,0,0.24,1.866624
0.32,0.44,0.04,0.2,1.814784
0.32,0.44,0.08,0.16,1.762944
0.32,0.44,0.12,0.12,1.711104
0.32,0.44,0.16,0.0799999999999999,1.659264
0.32,0.44,0.2,0.0399999999999999,1.607424
0.32,0.44,0.24,0,1.555584
0.32,0.48,0,0.2,1.81024
0.32,0.48,0.04,0.16,1.76096
0.32,0.48,0.08,0.12,1.71168
0.32,0.48,0.12,0.08,1.6624
0.32,0.48,0.16,0.04,1.61312
0.32,0.48,0.2,0,1.56384
0.32,0.52,0,0.16,1.731328
0.32,0.52,0.04,0.12,1.684608
0.32,0.52,0.08,0.0799999999999999,1.637888
0.32,0.52,0.12,0.0399999999999999,1.591168
0.32,0.52,0.16,0,1.544448
0.32,0.56,0,0.12,1.629888
0.32,0.56,0.04,0.0799999999999999,1.585728
0.32,0.56,0.08,0.0399999999999999,1.541568
0.32,0.56,0.12,0,1.497408
0.32,0.6,0,0.08,1.50592
0.32,0.6,0.04,0.04,1.46432
0.32,0.6,0.08,0,1.42272
0.32,0.64,0,0.0399999999999999,1.359424
0.32,0.64,0.0399999999999999,0,1.320384
0.32,0.68,0,0,1.1904
0.36,0,0,0.64,1
0.36,0,0.04,0.6,0.92
0.36,0,0.08,0.56,0.84
0.36,0,0.12,0.52,0.76
0.36,0,0.16,0.48,0.68
0.36,0,0.2,0.44,0.6
0.36,0,0.24,0.4,0.52
0.36,0,0.28,0.36,0.44
0.36,0,0.32,0.32,0.36
0.36,0,0.36,0.28,0.28
0.36,0,0.4,0.24,0.2
0.36,0,0.44,0.2,0.12
0.36,0,0.48,0.16,0.04
0.36,0,0.52,0.12,-0.04
0.36,0,0.56,0.08,-0.12
0.36,0,0.6,0.04,-0.2
0.36,0,0.64,0,-0.28
0.36,0.04,0,0.6,1.20768
0.36,0.04,0.04,0.56,1.13056
0.36,0.04,0.08,0.52,1.05344
0.36,0.04,0.12,0.48,0.97632
0.36,0.04,0.16,0.44,0.8992
0.36,0.04,0.2,0.4,0.82208
0.36,0.04,0.24,0.36,0.74496
0.36,0.04,0.28,0.32,0.66784
0.36,0.04,0.32,0.28,0.59072
0.36,0.04,0.36,0.24,0.5136
0.36,0.04,0.4,0.2,0.43648
0.36,0.04,0.44,0.16,0.35936
0.36,0.04,0.48,0.12,0.28224
0.36,0.04,0.52,0.08,0.20512
0.36,0.04,0.56,0.0399999999999999,0.128
0.36,0.04,0.6,0,0.05088
0.36,0.08,0,0.56,1.390016
0.36,0.08,0.04,0.52,1.315776
0.36,0.08,0.08,0.48,1.241536
0.36,0.08,0.12,0.44,1.167296
0.36,0.08,0.16,0.4,1.093056
0.36,0.08,0.2,0.36,1.018816
0.36,0.08,0.24,0.32,0.944576
0.36,0.08,0.28,0.28,0.870336
0.36,0.08,0.32,0.24,0.796096
0.36,0.08,0.36,0.2,0.721856
0.36,0.08,0.4,0.16,0.647616
0.36,0.08,0.44,0.12,0.573376
0.36,0.08,0.48,0.0800000000000001,0.499136
0.36,0.08,0.52,0.04,0.424896
0.36,0.08,0.56,0,0.350656
0.36,0.12,0,0.52,1.547008
0.36,0.12,0.04,0.48,1.475648
0.36,0.12,0.08,0.44,1.404288
0.36,0.12,0.12,0.4,1.332928
0.36,0.12,0.16,0.36,1.261568
0.36,0.12,0.2,0.32,1.190208
0.36,0.12,0.24,0.28,1.118848
0.36,0.12,0.28,0.24,1.047488
0.36,0.12,0.32,0.2,0.976128
0.36,0.12,0.36,0.16,0.904768
0.36,0.12,0.4,0.12,0.833408
0.36,0.12,0.44,0.08,0.762048
0.36,0.12,0.48,0.04,0.690688
0.36,0.12,0.52,0,0.619328
0.36,0.16,0,0.48,1.678656
0.36,0.16,0.04,0.44,1.610176
0.36,0.16,0.08,0.4,1.541696
0.36,0.16,0.12,0.36,1.473216
0.36,0.16,0.16,0.32,1.404736
0.36,0.16,0.2,0.28,1.336256
0.36,0.16,0.24,0.24,1.267776
0.36,0.16,0.28,0.2,1.199296
0.36,0.16,0.32,0.16,1.130816
0.36,0.16,0.36,0.12,1.062336
0.36,0.16,0.4,0.08,0.993856
0.36,0.16,0.44,0.04,0.925376
0.36,0.16,0.48,0,0.856896
0.36,0.2,0,0.44,1.78496
0.36,0.2,0.04,0.4,1.71936
0.36,0.2,0.08,0.36,1.65376
0.36,0.2,0.12,0.32,1.58816
0.36,0.2,0.16,0.28,1.52256
0.36,0.2,0.2,0.24,1.45696
0.36,0.2,0.24,0.2,1.39136
0.36,0.2,0.28,0.16,1.32576
0.36,0.2,0.32,0.12,1.26016
0.36,0.2,0.36,0.08,1.19456
0.36,0.2,0.4,0.04,1.12896
0.36,0.2,0.44,0,1.06336
0.36,0.24,0,0.4,1.86592
0.36,0.24,0.04,0.36,1.8032
0.36,0.24,0.08,0.32,1.74048
0.36,0.24,0.12,0.28,1.67776
0.36,0.24,0.16,0.24,1.61504
0.36,0.24,0.2,0.2,1.55232
0.36,0.24,0.24,0.16,1.4896
0.36,0.24,0.28,0.12,1.42688
0.36,0.24,0.32,0.08,1.36416
0.36,0.24,0.36,0.04,1.30144
0.36,0.24,0.4,0,1.23872
0.36,0.28,0,0.36,1.921536
0.36,0.28,0.04,0.32,1.861696
0.36,0.28,0.08,0.28,1.801856
0.36,0.28,0.12,0.24,1.742016
0.36,0.28,0.16,0.2,1.682176
0.36,0.28,0.2,0.16,1.622336
0.36,0.28,0.24,0.12,1.562496
0.36,0.28,0.28,0.08,1.502656
0.36,0.28,0.32,0.04,1.442816
0.36,0.28,0.36,0,1.382976
0.36,0.32,0,0.32,1.951808
0.36,0.32,0.04,0.28,1.894848
0.36,0.32,0.08,0.24,1.837888
0.36,0.32,0.12,0.2,1.780928
0.36,0.32,0.16,0.16,1.723968
0.36,0.32,0.2,0.12,1.667008
0.36,0.32,0.24,0.08,1.610048
0.36,0.32,0.28,0.04,1.553088
0.36,0.32,0.32,0,1.496128
0.36,0.36,0,0.28,1.956736
0.36,0.36,0.04,0.24,1.902656
0.36,0.36,0.08,0.2,1.848576
0.36,0.36,0.12,0.16,1.794496
0.36,0.36,0.16,0.12,1.740416
0.36,0.36,0.2,0.08,1.686336
0.36,0.36,0.24,0.04,1.632256
0.36,0.36,0.28,0,1.578176
0.36,0.4,0,0.24,1.93632
0.36,0.4,0.04,0.2,1.88512
0.36,0.4,0.08,0.16,1.83392
0.36,0.4,0.12,0.12,1.78272
0.36,0.4,0.16,0.08,1.73152
0.36,0.4,0.2,0.04,1.68032
0.36,0.4,0.24,0,1.62912
0.36,0.44,0,0.2,1.89056
0.36,0.44,0.04,0.16,1.84224
0.36,0.44,0.08,0.12,1.79392
0.36,0.44,0.12,0.08,1.7456
0.36,0.44,0.16,0.04,1.69728
0.36,0.44,0.2,0,1.64896
0.36,0.48,0,0.16,1.819456
0.36,0.48,0.04,0.12,1.774016
0.36,0.48,0.08,0.08,1.728576
0.36,0.48,0.12,0.04,1.683136
0.36,0.48,0.16,2.77555756156289e-17,1.637696
0.36,0.52,0,0.12,1.723008
0.36,0.52,0.04,0.08,1.680448
0.36,0.52,0.08,0.04,1.637888
0.36,0.52,0.12,0,1.595328
0.36,0.56,0,0.08,1.601216
0.36,0.56,0.04,0.04,1.561536
0.36,0.56,0.08,0,1.521856
0.36,0.6,0,0.04,1.45408
0.36,0.6,0.04,3.46944695195361e-17,1.41728
0.36,0.64,0,0,1.2816
0.4,0,0,0.6,1
0.4,0,0.04,0.56,0.92
0.4,0,0.08,0.52,0.84
0.4,0,0.12,0.48,0.76
0.4,0,0.16,0.44,0.68
0.4,0,0.2,0.4,0.6
0.4,0,0.24,0.36,0.52
0.4,0,0.28,0.32,0.44
0.4,0,0.32,0.28,0.36
0.4,0,0.36,0.24,0.28
0.4,0,0.4,0.2,0.2
0.4,0,0.44,0.16,0.12
0.4,0,0.48,0.12,0.04
0.4,0,0.52,0.08,-0.04
0.4,0,0.56,0.0399999999999999,-0.12
0.4,0,0.6,0,-0.2
0.4,0.04,0,0.56,1.22112
0.4,0.04,0.04,0.52,1.14432
0.4,0.04,0.08,0.48,1.06752
0.4,0.04,0.12,0.44,0.99072
0.4,0.04,0.16,0.4,0.91392
0.4,0.04,0.2,0.36,0.83712
0.4,0.04,0.24,0.32,0.76032
0.4,0.04,0.28,0.28,0.68352
0.4,0.04,0.32,0.24,0.60672
0.4,0.04,0.36,0.2,0.52992
0.4,0.04,0.4,0.16,0.45312
0.4,0.04,0.44,0.12,0.37632
0.4,0.04,0.48,0.08,0.29952
0.4,0.04,0.52,0.0399999999999999,0.22272
0.4,0.04,0.56,0,0.14592
0.4,0.08,0,0.52,1.41408
0.4,0.08,0.04,0.48,1.34048
0.4,0.08,0.08,0.44,1.26688
0.4,0.08,0.12,0.4,1.19328
0.4,0.08,0.16,0.36,1.11968
0.4,0.08,0.2,0.32,1.04608
0.4,0.08,0.24,0.28,0.97248
0.4,0.08,0.28,0.24,0.89888
0.4,0.08,0.32,0.2,0.82528
0.4,0.08,0.36,0.16,0.75168
0.4,0.08,0.4,0.12,0.67808
0.4,0.08,0.44,0.08,0.60448
0.4,0.08,0.48,0.04,0.53088
0.4,0.08,0.52,0,0.45728
0.4,0.12,0,0.48,1.57888
0.4,0.12,0.04,0.44,1.50848
0.4,0.12,0.08,0.4,1.43808
0.4,0.12,0.12,0.36,1.36768
0.4,0.12,0.16,0.32,1.29728
0.4,0.12,0.2,0.28,1.22688
0.4,0.12,0.24,0.24,1.15648
0.4,0.12,0.28,0.2,1.08608
0.4,0.12,0.32,0.16,1.01568
0.4,0.12,0.36,0.12,0.94528
0.4,0.12,0.4,0.08,0.87488
0.4,0.12,0.44,0.04,0.80448
0.4,0.12,0.48,0,0.73408
0.4,0.16,0,0.44,1.71552
0.4,0.16,0.04,0.4,1.64832
0.4,0.16,0.08,0.36,1.58112
0.4,0.16,0.12,0.32,1.51392
0.4,0.16,0.16,0.28,1.44672
0.4,0.16,0.2,0.24,1.37952
0.4,0.16,0.24,0.2,1.31232
0.4,0.16,0.28,0.16,1.24512
0.4,0.16,0.32,0.12,1.17792
0.4,0.16,0.36,0.08,1.11072
0.4,0.16,0.4,0.0399999999999999,1.04352
0.4,0.16,0.44,0,0.97632
0.4,0.2,0,0.4,1.824
0.4,0.2,0.04,0.36,1.76
0.4,0.2,0.08,0.32,1.696
0.4,0.2,0.12,0.28,1.632
0.4,0.2,0.16,0.24,1.568
0.4,0.2,0.2,0.2,1.504
0.4,0.2,0.24,0.16,1.44
0.4,0.2,0.28,0.12,1.376
0.4,0.2,0.32,0.08,1.312
0.4,0.2,0.36,0.04,1.248
0.4,0.2,0.4,0,1.184
0.4,0.24,0,0.36,1.90432
0.4,0.24,0.04,0.32,1.84352
0.4,0.24,0.08,0.28,1.78272
0.4,0.24,0.12,0.24,1.72192
0.4,0.24,0.16,0.2,1.66112
0.4,0.24,0.2,0.16,1.60032
0.4,0.24,0.24,0.12,1.53952
0.4,0.24,0.28,0.08,1.47872
0.4,0.24,0.32,0.04,1.41792
0.4,0.24,0.36,0,1.35712
0.4,0.28,0,0.32,1.95648
0.4,0.28,0.04,0.28,1.89888
0.4,0.28,0.08,0.24,1.84128
0.4,0.28,0.12,0.2,1.78368
0.4,0.28,0.16,0.16,1.72608
0.4,0.28,0.2,0.12,1.66848
0.4,0.28,0.24,0.08,1.61088
0.4,0.28,0.28,0.0399999999999999,1.55328
0.4,0.28,0.32,0,1.49568
0.4,0.32,0,0.28,1.98048
0.4,0.32,0.04,0.24,1.92608
0.4,0.32,0.08,0.2,1.87168
0.4,0.32,0.12,0.16,1.81728
0.4,0.32,0.16,0.12,1.76288
0.4,0.32,0.2,0.08,1.70848
0.4,0.32,0.24,0.04,1.65408
0.4,0.32,0.28,0,1.59968
0.4,0.36,0,0.24,1.97632
0.4,0.36,0.04,0.2,1.92512
0.4,0.36,0.08,0.16,1.87392
0.4,0.36,0.12,0.12,1.82272
0.4,0.36,0.16,0.08,1.77152
0.4,0.36,0.2,0.04,1.72032
0.4,0.36,0.24,0,1.66912
0.4,0.4,0,0.2,1.944
0.4,0.4,0.04,0.16,1.896
0.4,0.4,0.08,0.12,1.848
0.4,0.4,0.12,0.08,1.8
0.4,0.4,0.16,0.04,1.752
0.4,0.4,0.2,0,1.704
0.4,0.44,0,0.16,1.88352
0.4,0.44,0.04,0.12,1.83872
0.4,0.44,0.08,0.08,1.79392
0.4,0.44,0.12,0.04,1.74912
0.4,0.44,0.16,0,1.70432
0.4,0.48,0,0.12,1.79488
0.4,0.48,0.04,0.08,1.75328
0.4,0.48,0.08,0.04,1.71168
0.4,0.48,0.12,0,1.67008
0.4,0.52,0,0.08,1.67808
0.4,0.52,0.04,0.04,1.63968
0.4,0.52,0.08,0,1.60128
0.4,0.56,0,0.0399999999999999,1.53312
0.4,0.56,0.0399999999999999,0,1.49792
0.4,0.6,0,0,1.36
0.44,0,0,0.56,1
0.44,0,0.04,0.52,0.92
0.44,0,0.08,0.48,0.84
0.44,0,0.12,0.44,0.76
0.44,0,0.16,0.4,0.68
0.44,0,0.2,0.36,0.6
0.44,0,0.24,0.32,0.52
0.44,0,0.28,0.28,0.44
0.44,0,0.32,0.24,0.36
0.44,0,0.36,0.2,0.28
0.44,0,0.4,0.16,0.2
0.44,0,0.44,0.12,0.12
0.44,0,0.48,0.0800000000000001,0.0400000000000001
0.44,0,0.52,0.04,-0.04
0.44,0,0.56,0,-0.12
0.44,0.04,0,0.52,1.231744
0.44,0.04,0.04,0.48,1.155264
0.44,0.04,0.08,0.44,1.078784
0.44,0.04,0.12,0.4,1.002304
0.44,0.04,0.16,0.36,0.925824
0.44,0.04,0.2,0.32,0.849344
0.44,0.04,0.24,0.28,0.772864
0.44,0.04,0.28,0.24,0.696384
0.44,0.04,0.32,0.2,0.619904
0.44,0.04,0.36,0.16,0.543424
0.44,0.04,0.4,0.12,0.466944
0.44,0.04,0.44,0.08,0.390464
0.44,0.04,0.48,0.04,0.313984
0.44,0.04,0.52,0,0.237504
0.44,0.08,0,0.48,1.432512
0.44,0.08,0.04,0.44,1.359552
0.44,0.08,0.08,0.4,1.286592
0.44,0.08,0.12,0.36,1.213632
0.44,0.08,0.16,0.32,1.140672
0.44,0.08,0.2,0.28,1.067712
0.44,0.08,0.24,0.24,0.994752
0.44,0.08,0.28,0.2,0.921792
0.44,0.08,0.32,0.16,0.848832
0.44,0.08,0.36,0.12,0.775872
0.44,0.08,0.4,0.08,0.702912
0.44,0.08,0.44,0.04,0.629952
0.44,0.08,0.48,5.55111512312578e-17,0.556992
0.44,0.12,0,0.44,1.602304
0.44,0.12,0.04,0.4,1.532864
0.44,0.12,0.08,0.36,1.463424
0.44,0.12,0.12,0.32,1.393984
0.44,0.12,0.16,0.28,1.324544
0.44,0.12,0.2,0.24,1.255104
0.44,0.12,0.24,0.2,1.185664
0.44,0.12,0.28,0.16,1.116224
0.44,0.12,0.32,0.12,1.046784
0.44,0.12,0.36,0.0800000000000001,0.977344
0.44,0.12,0.4,0.04,0.907904
0.44,0.12,0.44,5.55111512312578e-17,0.838464
0.44,0.16,0,0.4,1.74112
0.44,0.16,0.04,0.36,1.6752
0.44,0.16,0.08,0.32,1.60928
0.44,0.16,0.12,0.28,1.54336
0.44,0.16,0.16,0.24,1.47744
0.44,0.16,0.2,0.2,1.41152
0.44,0.16,0.24,0.16,1.3456
0.44,0.16,0.28,0.12,1.27968
0.44,0.16,0.32,0.08,1.21376
0.44,0.16,0.36,0.04,1.14784
0.44,0.16,0.4,0,1.08192
0.44,0.2,0,0.36,1.84896
0.44,0.2,0.04,0.32,1.78656
0.44,0.2,0.08,0.28,1.72416
0.44,0.2,0.12,0.24,1.66176
0.44,0.2,0.16,0.2,1.59936
0.44,0.2,0.2,0.16,1.53696
0.44,0.2,0.24,0.12,1.47456
0.44,0.2,0.28,0.08,1.41216
0.44,0.2,0.32,0.04,1.34976
0.44,0.2,0.36,5.55111512312578e-17,1.28736
0.44,0.24,0,0.32,1.925824
0.44,0.24,0.04,0.28,1.866944
0.44,0.24,0.08,0.24,1.808064
0.44,0.24,0.12,0.2,1.749184
0.44,0.24,0.16,0.16,1.690304
0.44,0.24,0.2,0.12,1.631424
0.44,0.24,0.24,0.0800000000000001,1.572544
0.44,0.24,0.28,0.04,1.513664
0.44,0.24,0.32,5.55111512312578e-17,1.454784
0.44,0.28,0,0.28,1.971712
0.44,0.28,0.04,0.24,1.916352
0.44,0.28,0.08,0.2,1.860992
0.44,0.28,0.12,0.16,1.805632
0.44,0.28,0.16,0.12,1.750272
0.44,0.28,0.2,0.08,1.694912
0.44,0.28,0.24,0.04,1.639552
0.44,0.28,0.28,0,1.584192
0.44,0.32,0,0.24,1.986624
0.44,0.32,0.04,0.2,1.934784
0.44,0.32,0.08,0.16,1.882944
0.44,0.32,0.12,0.12,1.831104
0.44,0.32,0.16,0.08,1.779264
0.44,0.32,0.2,0.04,1.727424
0.44,0.32,0.24,5.55111512312578e-17,1.675584
0.44,0.36,0,0.2,1.97056
0.44,0.36,0.04,0.16,1.92224
0.44,0.36,0.08,0.12,1.87392
0.44,0.36,0.12,0.0800000000000001,1.8256
0.44,0.36,0.16,0.0400000000000001,1.77728
0.44,0.36,0.2,5.55111512312578e-17,1.72896
0.44,0.4,0,0.16,1.92352
0.44,0.4,0.04,0.12,1.87872
0.44,0.4,0.08,0.08,1.83392
0.44,0.4,0.12,0.04,1.78912
0.44,0.4,0.16,2.77555756156289e-17,1.74432
0.44,0.44,0,0.12,1.845504
0.44,0.44,0.04,0.08,1.804224
0.44,0.44,0.08,0.04,1.762944
0.44,0.44,0.12,5.55111512312578e-17,1.721664
0.44,0.48,0,0.0800000000000001,1.736512
0.44,0.48,0.04,0.0400000000000001,1.698752
0.44,0.48,0.08,6.93889390390723e-17,1.660992
0.44,0.52,0,0.04,1.596544
0.44,0.52,0.04,3.46944695195361e-17,1.562304
0.44,0.56,0,0,1.4256
0.48,0,0,0.52,1
0.48,0,0.04,0.48,0.92
0.48,0,0.08,0.44,0.84
0.48,0,0.12,0.4,0.76
0.48,0,0.16,0.36,0.68
0.48,0,0.2,0.32,0.6
0.48,0,0.24,0.28,0.52
0.48,0,0.28,0.24,0.44
0.48,0,0.32,0.2,0.36
0.48,0,0.36,0.16,0.28
0.48,0,0.4,0.12,0.2
0.48,0,0.44,0.08,0.12
0.48,0,0.48,0.04,0.04
0.48,0,0.52,0,-0.04
0.48,0.04,0,0.48,1.239552
0.48,0.04,0.04,0.44,1.163392
0.48,0.04,0.08,0.4,1.087232
0.48,0.04,0.12,0.36,1.011072
0.48,0.04,0.16,0.32,0.934912
0.48,0.04,0.2,0.28,0.858752
0.48,0.04,0.24,0.24,0.782592
0.48,0.04,0.28,0.2,0.706432
0.48,0.04,0.32,0.16,0.630272
0.48,0.04,0.36,0.12,0.554112
0.48,0.04,0.4,0.08,0.477952
0.48,0.04,0.44,0.04,0.401792
0.48,0.04,0.48,5.55111512312578e-17,0.325632
0.48,0.08,0,0.44,1.445312
0.48,0.08,0.04,0.4,1.372992
0.48,0.08,0.08,0.36,1.300672
0.48,0.08,0.12,0.32,1.228352
0.48,0.08,0.16,0.28,1.156032
0.48,0.08,0.2,0.24,1.083712
0.48,0.08,0.24,0.2,1.011392
0.48,0.08,0.28,0.16,0.939072
0.48,0.08,0.32,0.12,0.866752
0.48,0.08,0.36,0.08,0.794432
0.48,0.08,0.4,0.04,0.722112
0.48,0.08,0.44,0,0.649792
0.48,0.12,0,0.4,1.61728
0.48,0.12,0.04,0.36,1.5488
0.48,0.12,0.08,0.32,1.48032
0.48,0.12,0.12,0.28,1.41184
0.48,0.12,0.16,0.24,1.34336
0.48,0.12,0.2,0.2,1.27488
0.48,0.12,0.24,0.16,1.2064
0.48,0.12,0.28,0.12,1.13792
0.48,0.12,0.32,0.08,1.06944
0.48,0.12,0.36,0.04,1.00096
0.48,0.12,0.4,0,0.93248
0.48,0.16,0,0.36,1.755456
0.48,0.16,0.04,0.32,1.690816
0.48,0.16,0.08,0.28,1.626176
0.48,0.16,0.12,0.24,1.561536
0.48,0.16,0.16,0.2,1.496896
0.48,0.16,0.2,0.16,1.432256
0.48,0.16,0.24,0.12,1.367616
0.48,0.16,0.28,0.08,1.302976
0.48,0.16,0.32,0.04,1.238336
0.48,0.16,0.36,0,1.173696
0.48,0.2,0,0.32,1.85984
0.48,0.2,0.04,0.28,1.79904
0.48,0.2,0.08,0.24,1.73824
0.48,0.2,0.12,0.2,1.67744
0.48,0.2,0.16,0.16,1.61664
0.48,0.2,0.2,0.12,1.55584
0.48,0.2,0.24,0.08,1.49504
0.48,0.2,0.28,0.04,1.43424
0.48,0.2,0.32,0,1.37344
0.48,0.24,0,0.28,1.930432
0.48,0.24,0.04,0.24,1.873472
0.48,0.24,0.08,0.2,1.816512
0.48,0.24,0.12,0.16,1.759552
0.48,0.24,0.16,0.12,1.702592
0.48,0.24,0.2,0.08,1.645632
0.48,0.24,0.24,0.04,1.588672
0.48,0.24,0.28,0,1.531712
0.48,0.28,0,0.24,1.967232
0.48,0.28,0.04,0.2,1.914112
0.48,0.28,0.08,0.16,1.860992
0.48,0.28,0.12,0.12,1.807872
0.48,0.28,0.16,0.08,1.754752
0.48,0.28,0.2,0.04,1.701632
0.48,0.28,0.24,0,1.648512
0.48,0.32,0,0.2,1.97024
0.48,0.32,0.04,0.16,1.92096
0.48,0.32,0.08,0.12,1.87168
0.48,0.32,0.12,0.08,1.8224
0.48,0.32,0.16,0.04,1.77312
0.48,0.32,0.2,0,1.72384
0.48,0.36,0,0.16,1.939456
0.48,0.36,0.04,0.12,1.894016
0.48,0.36,0.08,0.08,1.848576
0.48,0.36,0.12,0.04,1.803136
0.48,0.36,0.16,2.77555756156289e-17,1.757696
0.48,0.4,0,0.12,1.87488
0.48,0.4,0.04,0.08,1.83328
0.48,0.4,0.08,0.04,1.79168
0.48,0.4,0.12,0,1.75008
0.48,0.44,0,0.08,1.776512
0.48,0.44,0.04,0.04,1.738752
0.48,0.44,0.08,1.38777878078145e-17,1.700992
0.48,0.48,0,0.04,1.644352
0.48,0.48,0.04,3.46944695195361e-17,1.610432
0.48,0.52,0,0,1.4784
0.52,0,0,0.48,1
0.52,0,0.04,0.44,0.92
0.52,0,0.08,0.4,0.84
0.52,0,0.12,0.36,0.76
0.52,0,0.16,0.32,0.68
0.52,0,0.2,0.28,0.6
0.52,0,0.24,0.24,0.52
0.52,0,0.28,0.2,0.44
0.52,0,0.32,0.16,0.36
0.52,0,0.36,0.12,0.28
0.52,0,0.4,0.08,0.2
0.52,0,0.44,0.04,0.12
0.52,0,0.48,0,0.04
0.52,0.04,0,0.44,1.244544
0.52,0.04,0.04,0.4,1.168704
0.52,0.04,0.08,0.36,1.092864
0.52,0.04,0.12,0.32,1.017024
0.52,0.04,0.16,0.28,0.941184
0.52,0.04,0.2,0.24,0.865344
0.52,0.04,0.24,0.2,0.789504
0.52,0.04,0.28,0.16,0.713664
0.52,0.04,0.32,0.12,0.637824
0.52,0.04,0.36,0.08,0.561984
0.52,0.04,0.4,0.04,0.486144
0.52,0.04,0.44,0,0.410304
0.52,0.08,0,0.4,1.45248
0.52,0.08,0.04,0.36,1.3808
0.52,0.08,0.08,0.32,1.30912
0.52,0.08,0.12,0.28,1.23744
0.52,0.08,0.16,0.24,1.16576
0.52,0.08,0.2,0.2,1.09408
0.52,0.08,0.24,0.16,1.0224
0.52,0.08,0.28,0.12,0.95072
0.52,0.08,0.32,0.08,0.87904
0.52,0.08,0.36,0.04,0.80736
0.52,0.08,0.4,0,0.73568
0.52,0.12,0,0.36,1.623808
0.52,0.12,0.04,0.32,1.556288
0.52,0.12,0.08,0.28,1.488768
0.52,0.12,0.12,0.24,1.421248
0.52,0.12,0.16,0.2,1.353728
0.52,0.12,0.2,0.16,1.286208
0.52,0.12,0.24,0.12,1.218688
0.52,0.12,0.28,0.08,1.151168
0.52,0.12,0.32,0.04,1.083648
0.52,0.12,0.36,0,1.016128
0.52,0.16,0,0.32,1.758528
0.52,0.16,0.04,0.28,1.695168
0.52,0.16,0.08,0.24,1.631808
0.52,0.16,0.12,0.2,1.568448
0.52,0.16,0.16,0.16,1.505088
0.52,0.16,0.2,0.12,1.441728
0.52,0.16,0.24,0.08,1.378368
0.52,0.16,0.28,0.0399999999999999,1.315008
0.52,0.16,0.32,0,1.251648
0.52,0.2,0,0.28,1.85664
0.52,0.2,0.04,0.24,1.79744
0.52,0.2,0.08,0.2,1.73824
0.52,0.2,0.12,0.16,1.67904
0.52,0.2,0.16,0.12,1.61984
0.52,0.2,0.2,0.08,1.56064
0.52,0.2,0.24,0.04,1.50144
0.52,0.2,0.28,0,1.44224
0.52,0.24,0,0.24,1.918144
0.52,0.24,0.04,0.2,1.863104
0.52,0.24,0.08,0.16,1.808064
0.52,0.24,0.12,0.12,1.753024
0.52,0.24,0.16,0.08,1.697984
0.52,0.24,0.2,0.04,1.642944
0.52,0.24,0.24,0,1.587904
0.52,0.28,0,0.2,1.94304
0.52,0.28,0.04,0.16,1.89216
0.52,0.28,0.08,0.12,1.84128
0.52,0.28,0.12,0.08,1.7904
0.52,0.28,0.16,0.04,1.73952
0.52,0.28,0.2,0,1.68864
0.52,0.32,0,0.16,1.931328
0.52,0.32,0.04,0.12,1.884608
0.52,0.32,0.08,0.08,1.837888
0.52,0.32,0.12,0.04,1.791168
0.52,0.32,0.16,0,1.744448
0.52,0.36,0,0.12,1.883008
0.52,0.36,0.04,0.08,1.840448
0.52,0.36,0.08,0.04,1.797888
0.52,0.36,0.12,0,1.755328
0.52,0.4,0,0.08,1.79808
0.52,0.4,0.04,0.04,1.75968
0.52,0.4,0.08,0,1.72128
0.52,0.44,0,0.04,1.676544
0.52,0.44,0.04,0,1.642304
0.52,0.48,0,0,1.5184
0.56,0,0,0.44,1
0.56,0,0.04,0.4,0.92
0.56,0,0.08,0.36,0.84
0.56,0,0.12,0.32,0.76
0.56,0,0.16,0.28,0.68
0.56,0,0.2,0.24,0.6
0.56,0,0.24,0.2,0.52
0.56,0,0.28,0.16,0.44
0.56,0,0.32,0.12,0.36
0.56,0,0.36,0.08,0.28
0.56,0,0.4,0.0399999999999999,0.2
0.56,0,0.44,0,0.12
0.56,0.04,0,0.4,1.24672
0.56,0.04,0.04,0.36,1.1712
0.56,0.04,0.08,0.32,1.09568
0.56,0.04,0.12,0.28,1.02016
0.56,0.04,0.16,0.24,0.94464
0.56,0.04,0.2,0.2,0.86912
0.56,0.04,0.24,0.16,0.7936
0.56,0.04,0.28,0.12,0.71808
0.56,0.04,0.32,0.08,0.64256
0.56,0.04,0.36,0.04,0.56704
0.56,0.04,0.4,0,0.49152
0.56,0.08,0,0.36,1.454016
0.56,0.08,0.04,0.32,1.382976
0.56,0.08,0.08,0.28,1.311936
0.56,0.08,0.12,0.24,1.240896
0.56,0.08,0.16,0.2,1.169856
0.56,0.08,0.2,0.16,1.098816
0.56,0.08,0.24,0.12,1.027776
0.56,0.08,0.28,0.0799999999999999,0.956736
0.56,0.08,0.32,0.0399999999999999,0.885696
0.56,0.08,0.36,0,0.814656
0.56,0.12,0,0.32,1.621888
0.56,0.12,0.04,0.28,1.555328
0.56,0.12,0.08,0.24,1.488768
0.56,0.12,0.12,0.2,1.422208
0.56,0.12,0.16,0.16,1.355648
0.56,0.12,0.2,0.12,1.289088
0.56,0.12,0.24,0.08,1.222528
0.56,0.12,0.28,0.0399999999999999,1.155968
0.56,0.12,0.32,0,1.089408
0.56,0.16,0,0.28,1.750336
0.56,0.16,0.04,0.24,1.688256
0.56,0.16,0.08,0.2,1.626176
0.56,0.16,0.12,0.16,1.564096
0.56,0.16,0.16,0.12,1.502016
0.56,0.16,0.2,0.0799999999999999,1.439936
0.56,0.16,0.24,0.0399999999999999,1.377856
0.56,0.16,0.28,0,1.315776
0.56,0.2,0,0.24,1.83936
0.56,0.2,0.04,0.2,1.78176
0.56,0.2,0.08,0.16,1.72416
0.56,0.2,0.12,0.12,1.66656
0.56,0.2,0.16,0.0799999999999999,1.60896
0.56,0.2,0.2,0.0399999999999999,1.55136
0.56,0.2,0.24,0,1.49376
0.56,0.24,0,0.2,1.88896
0.56,0.24,0.04,0.16,1.83584
0.56,0.24,0.08,0.12,1.78272
0.56,0.24,0.12,0.08,1.7296
0.56,0.24,0.16,0.04,1.67648
0.56,0.24,0.2,0,1.62336
0.56,0.28,0,0.16,1.899136
0.56,0.28,0.04,0.12,1.850496
0.56,0.28,0.08,0.0799999999999999,1.801856
0.56,0.28,0.12,0.0399999999999999,1.753216
0.56,0.28,0.16,0,1.704576
0.56,0.32,0,0.12,1.869888
0.56,0.32,0.04,0.0799999999999999,1.825728
0.56,0.32,0.08,0.0399999999999999,1.781568
0.56,0.32,0.12,0,1.737408
0.56,0.36,0,0.08,1.801216
0.56,0.36,0.04,0.04,1.761536
0.56,0.36,0.08,0,1.721856
0.56,0.4,0,0.0399999999999999,1.69312
0.56,0.4,0.0399999999999999,0,1.65792
0.56,0.44,0,0,1.5456
0.6,0,0,0.4,1
0.6,0,0.04,0.36,0.92
0.6,0,0.08,0.32,0.84
0.6,0,0.12,0.28,0.76
0.6,0,0.16,0.24,0.68
0.6,0,0.2,0.2,0.6
0.6,0,0.24,0.16,0.52
0.6,0,0.28,0.12,0.44
0.6,0,0.32,0.08,0.36
0.6,0,0.36,0.04,0.28
0.6,0,0.4,0,0.2
0.6,0.04,0,0.36,1.24608
0.6,0.04,0.04,0.32,1.17088
0.6,0.04,0.08,0.28,1.09568
0.6,0.04,0.12,0.24,1.02048
0.6,0.04,0.16,0.2,0.94528
0.6,0.04,0.2,0.16,0.87008
0.6,0.04,0.24,0.12,0.79488
0.6,0.04,0.28,0.08,0.71968
0.6,0.04,0.32,0.04,0.64448
0.6,0.04,0.36,5.55111512312578e-17,0.56928
0.6,0.08,0,0.32,1.44992
0.6,0.08,0.04,0.28,1.37952
0.6,0.08,0.08,0.24,1.30912
0.6,0.08,0.12,0.2,1.23872
0.6,0.08,0.16,0.16,1.16832
0.6,0.08,0.2,0.12,1.09792
0.6,0.08,0.24,0.08,1.02752
0.6,0.08,0.28,0.04,0.95712
0.6,0.08,0.32,0,0.88672
0.6,0.12,0,0.28,1.61152
0.6,0.12,0.04,0.24,1.54592
0.6,0.12,0.08,0.2,1.48032
0.6,0.12,0.12,0.16,1.41472
0.6,0.12,0.16,0.12,1.34912
0.6,0.12,0.2,0.08,1.28352
0.6,0.12,0.24,0.04,1.21792
0.6,0.12,0.28,0,1.15232
0.6,0.16,0,0.24,1.73088
0.6,0.16,0.04,0.2,1.67008
0.6,0.16,0.08,0.16,1.60928
0.6,0.16,0.12,0.12,1.54848
0.6,0.16,0.16,0.08,1.48768
0.6,0.16,0.2,0.04,1.42688
0.6,0.16,0.24,2.77555756156289e-17,1.36608
0.6,0.2,0,0.2,1.808
0.6,0.2,0.04,0.16,1.752
0.6,0.2,0.08,0.12,1.696
0.6,0.2,0.12,0.08,1.64
0.6,0.2,0.16,0.04,1.584
0.6,0.2,0.2,0,1.528
0.6,0.24,0,0.16,1.84288
0.6,0.24,0.04,0.12,1.79168
0.6,0.24,0.08,0.08,1.74048
0.6,0.24,0.12,0.04,1.68928
0.6,0.24,0.16,2.77555756156289e-17,1.63808
0.6,0.28,0,0.12,1.83552
0.6,0.28,0.04,0.08,1.78912
0.6,0.28,0.08,0.04,1.74272
0.6,0.28,0.12,0,1.69632
0.6,0.32,0,0.08,1.78592
0.6,0.32,0.04,0.04,1.74432
0.6,0.32,0.08,1.38777878078145e-17,1.70272
0.6,0.36,0,0.04,1.69408
0.6,0.36,0.04,3.46944695195361e-17,1.65728
0.6,0.4,0,0,1.56
0.64,0,0,0.36,1
0.64,0,0.04,0.32,0.92
0.64,0,0.08,0.28,0.84
0.64,0,0.12,0.24,0.76
0.64,0,0.16,0.2,0.68
0.64,0,0.2,0.16,0.6
0.64,0,0.24,0.12,0.52
0.64,0,0.28,0.08,0.44
0.64,0,0.32,0.04,0.36
0.64,0,0.36,0,0.28
0.64,0.04,0,0.32,1.242624
0.64,0.04,0.04,0.28,1.167744
0.64,0.04,0.08,0.24,1.092864
0.64,0.04,0.12,0.2,1.017984
0.64,0.04,0.16,0.16,0.943104
0.64,0.04,0.2,0.12,0.868224
0.64,0.04,0.24,0.08,0.793344
0.64,0.04,0.28,0.04,0.718464
0.64,0.04,0.32,0,0.643584
0.64,0.08,0,0.28,1.440192
0.64,0.08,0.04,0.24,1.370432
0.64,0.08,0.08,0.2,1.300672
0.64,0.08,0.12,0.16,1.230912
0.64,0.08,0.16,0.12,1.161152
0.64,0.08,0.2,0.08,1.091392
0.64,0.08,0.24,0.04,1.021632
0.64,0.08,0.28,0,0.951872
0.64,0.12,0,0.24,1.592704
0.64,0.12,0.04,0.2,1.528064
0.64,0.12,0.08,0.16,1.463424
0.64,0.12,0.12,0.12,1.398784
0.64,0.12,0.16,0.08,1.334144
0.64,0.12,0.2,0.04,1.269504
0.64,0.12,0.24,0,1.204864
0.64,0.16,0,0.2,1.70016
0.64,0.16,0.04,0.16,1.64064
0.64,0.16,0.08,0.12,1.58112
0.64,0.16,0.12,0.08,1.5216
0.64,0.16,0.16,0.04,1.46208
0.64,0.16,0.2,0,1.40256
0.64,0.2,0,0.16,1.76256
0.64,0.2,0.04,0.12,1.70816
0.64,0.2,0.08,0.08,1.65376
0.64,0.2,0.12,0.04,1.59936
0.64,0.2,0.16,0,1.54496
0.64,0.24,0,0.12,1.779904
0.64,0.24,0.04,0.08,1.730624
0.64,0.24,0.08,0.04,1.681344
0.64,0.24,0.12,0,1.632064
0.64,0.28,0,0.08,1.752192
0.64,0.28,0.04,0.04,1.708032
0.64,0.28,0.08,0,1.663872
0.64,0.32,0,0.04,1.679424
0.64,0.32,0.04,0,1.640384
0.64,0.36,0,0,1.5616
0.68,0,0,0.32,1
0.68,0,0.04,0.28,0.92
0.68,0,0.08,0.24,0.84
0.68,0,0.12,0.2,0.76
0.68,0,0.16,0.16,0.68
0.68,0,0.2,0.12,0.6
0.68,0,0.24,0.08,0.52
0.68,0,0.28,0.0399999999999999,0.44
0.68,0,0.32,0,0.36
0.68,0.04,0,0.28,1.236352
0.68,0.04,0.04,0.24,1.161792
0.68,0.04,0.08,0.2,1.087232
0.68,0.04,0.12,0.16,1.012672
0.68,0.04,0.16,0.12,0.938112
0.68,0.04,0.2,0.08,0.863552
0.68,0.04,0.24,0.04,0.788992
0.68,0.04,0.28,0,0.714432
0.68,0.08,0,0.24,1.424832
0.68,0.08,0.04,0.2,1.355712
0.68,0.08,0.08,0.16,1.286592
0.68,0.08,0.12,0.12,1.217472
0.68,0.08,0.16,0.0799999999999999,1.148352
0.68,0.08,0.2,0.0399999999999999,1.079232
0.68,0.08,0.24,0,1.010112
0.68,0.12,0,0.2,1.56544
0.68,0.12,0.04,0.16,1.50176
0.68,0.12,0.08,0.12,1.43808
0.68,0.12,0.12,0.08,1.3744
0.68,0.12,0.16,0.04,1.31072
0.68,0.12,0.2,0,1.24704
0.68,0.16,0,0.16,1.658176
0.68,0.16,0.04,0.12,1.599936
0.68,0.16,0.08,0.0799999999999999,1.541696
0.68,0.16,0.12,0.04,1.483456
0.68,0.16,0.16,0,1.425216
0.68,0.2,0,0.12,1.70304
0.68,0.2,0.04,0.0799999999999999,1.65024
0.68,0.2,0.08,0.0399999999999999,1.59744
0.68,0.2,0.12,0,1.54464
0.68,0.24,0,0.08,1.700032
0.68,0.24,0.04,0.04,1.652672
0.68,0.24,0.08,0,1.605312
0.68,0.28,0,0.0399999999999999,1.649152
0.68,0.28,0.0399999999999999,0,1.607232
0.68,0.32,0,0,1.5504
0.72,0,0,0.28,1
0.72,0,0.04,0.24,0.92
0.72,0,0.08,0.2,0.84
0.72,0,0.12,0.16,0.76
0.72,0,0.16,0.12,0.68
0.72,0,0.2,0.08,0.6
0.72,0,0.24,0.04,0.52
0.72,0,0.28,0,0.44
0.72,0.04,0,0.24,1.227264
0.72,0.04,0.04,0.2,1.153024
0.72,0.04,0.08,0.16,1.078784
0.72,0.04,0.12,0.12,1.004544
0.72,0.04,0.16,0.08,0.930304
0.72,0.04,0.2,0.04,0.856064
0.72,0.04,0.24,2.77555756156289e-17,0.781824
0.72,0.08,0,0.2,1.40384
0.72,0.08,0.04,0.16,1.33536
0.72,0.08,0.08,0.12,1.26688
0.72,0.08,0.12,0.08,1.1984
0.72,0.08,0.16,0.04,1.12992
0.72,0.08,0.2,0,1.06144
0.72,0.12,0,0.16,1.529728
0.72,0.12,0.04,0.12,1.467008
0.72,0.12,0.08,0.08,1.404288
0.72,0.12,0.12,0.04,1.341568
0.72,0.12,0.16,2.77555756156289e-17,1.278848
0.72,0.16,0,0.12,1.604928
0.72,0.16,0.04,0.08,1.547968
0.72,0.16,0.08,0.04,1.491008
0.72,0.16,0.12,2.77555756156289e-17,1.434048
0.72,0.2,0,0.08,1.62944
0.72,0.2,0.04,0.04,1.57824
0.72,0.2,0.08,1.38777878078145e-17,1.52704
0.72,0.24,0,0.04,1.603264
0.72,0.24,0.04,3.46944695195361e-17,1.557824
0.72,0.28,0,0,1.5264
0.76,0,0,0.24,1
0.76,0,0.04,0.2,0.92
0.76,0,0.08,0.16,0.84
0.76,0,0.12,0.12,0.76
0.76,0,0.16,0.08,0.68
0.76,0,0.2,0.04,0.6
0.76,0,0.24,0,0.52
0.76,0.04,0,0.2,1.21536
0.76,0.04,0.04,0.16,1.14144
0.76,0.04,0.08,0.12,1.06752
0.76,0.04,0.12,0.08,0.9936
0.76,0.04,0.16,0.04,0.91968
0.76,0.04,0.2,0,0.84576
0.76,0.08,0,0.16,1.377216
0.76,0.08,0.04,0.12,1.309376
0.76,0.08,0.08,0.08,1.241536
0.76,0.08,0.12,0.04,1.173696
0.76,0.08,0.16,0,1.105856
0.76,0.12,0,0.12,1.485568
0.76,0.12,0.04,0.08,1.423808
0.76,0.12,0.08,0.04,1.362048
0.76,0.12,0.12,0,1.300288
0.76,0.16,0,0.08,1.540416
0.76,0.16,0.04,0.04,1.484736
0.76,0.16,0.08,0,1.429056
0.76,0.2,0,0.04,1.54176
0.76,0.2,0.04,0,1.49216
0.76,0.24,0,0,1.4896
0.8,0,0,0.2,1
0.8,0,0.04,0.16,0.92
0.8,0,0.08,0.12,0.84
0.8,0,0.12,0.08,0.76
0.8,0,0.16,0.04,0.68
0.8,0,0.2,0,0.6
0.8,0.04,0,0.16,1.20064
0.8,0.04,0.04,0.12,1.12704
0.8,0.04,0.08,0.0799999999999999,1.05344
0.8,0.04,0.12,0.04,0.97984
0.8,0.04,0.16,0,0.90624
0.8,0.08,0,0.12,1.34496
0.8,0.08,0.04,0.08,1.27776
0.8,0.08,0.08,0.04,1.21056
0.8,0.08,0.12,0,1.14336
0.8,0.12,0,0.08,1.43296
0.8,0.12,0.04,0.04,1.37216
0.8,0.12,0.08,0,1.31136
0.8,0.16,0,0.04,1.46464
0.8,0.16,0.04,0,1.41024
0.8,0.2,0,0,1.44
0.84,0,0,0.16,1
0.84,0,0.04,0.12,0.92
0.84,0,0.08,0.08,0.84
0.84,0,0.12,0.04,0.76
0.84,0,0.16,2.77555756156289e-17,0.68
0.84,0.04,0,0.12,1.183104
0.84,0.04,0.04,0.08,1.109824
0.84,0.04,0.08,0.04,1.036544
0.84,0.04,0.12,2.77555756156289e-17,0.963264
0.84,0.08,0,0.08,1.307072
0.84,0.08,0.04,0.04,1.240512
0.84,0.08,0.08,2.77555756156289e-17,1.173952
0.84,0.12,0,0.04,1.371904
0.84,0.12,0.04,3.46944695195361e-17,1.312064
0.84,0.16,0,2.77555756156289e-17,1.3776
0.88,0,0,0.12,1
0.88,0,0.04,0.08,0.92
0.88,0,0.08,0.04,0.84
0.88,0,0.12,0,0.76
0.88,0.04,0,0.08,1.162752
0.88,0.04,0.04,0.04,1.089792
0.88,0.04,0.08,0,1.016832
0.88,0.08,0,0.04,1.263552
0.88,0.08,0.04,0,1.197632
0.88,0.12,0,0,1.3024
0.92,0,0,0.08,1
0.92,0,0.04,0.04,0.92
0.92,0,0.08,0,0.84
0.92,0.04,0,0.04,1.139584
0.92,0.04,0.04,0,1.066944
0.92,0.08,0,0,1.2144
0.96,0,0,0.04,1
0.96,0,0.04,3.46944695195361e-17,0.92
0.96,0.04,0,3.46944695195361e-17,1.1136
1,0,0,0,1
